ID,MD5 hash of participant's IP address,Item,Condition,Preprocessed value
1228,2817aa3ba5ce3496c4222adb7a6aa37c,1,A,think
6957,83d8403f227baca0464166c404dc0dc2,1,A,pause
11881,14399e53229004f2c85ec3810d5cf776,1,A,replace
2511,9a8edf1b84fcdd4e9692881d31a5a26e,1,B,do more science
4146,559a558cc071b904f807f21b428370da,1,B,pause
8230,6df37ff0405e34325f86235ab8e45b66,1,B,fix
738,b8b10c5c32c46a8f278dc868ef65fd9d,1,C,commence
5649,38515a2d399231bb4340622c162d7b1a,1,C,decided
6468,bac07a9a07d31bd971ed4288f10499d6,1,C,come back
13844,773048bc5ea832a6a6fb93f6da578bc6,1,C,leave
15482,bc3b5c51f98f643be9a99134572a2170,1,C,leave
2214,2b7058890eefa22341aa295a036985a9,1,D,recuperate
3853,58538dcb3f84e420200c601a4903dbef,1,D,fix
10397,64e64662aa8b1a57c3e5254b48652bcc,1,D,pause
12863,8e6ad748c0685eaeffbadbae0050306d,1,D,pass
14498,46c4212ded545ed717b0ff376752ae11,1,D,proceed
16139,9f8736428d68ef86c654e1f0f0b1058e,1,D,go home
3027,9a8edf1b84fcdd4e9692881d31a5a26e,2,A,return them
4660,559a558cc071b904f807f21b428370da,2,A,sort them
8744,6df37ff0405e34325f86235ab8e45b66,2,A,sort them
659,b8b10c5c32c46a8f278dc868ef65fd9d,2,B,stock them
5571,38515a2d399231bb4340622c162d7b1a,2,B,leave
6389,bac07a9a07d31bd971ed4288f10499d6,2,B,sort them
13766,773048bc5ea832a6a6fb93f6da578bc6,2,B,close it
15404,bc3b5c51f98f643be9a99134572a2170,2,B,move it
2279,2b7058890eefa22341aa295a036985a9,2,C,poor english
3917,58538dcb3f84e420200c601a4903dbef,2,C,leave
10461,64e64662aa8b1a57c3e5254b48652bcc,2,C,get them
12927,8e6ad748c0685eaeffbadbae0050306d,2,C,pay
14562,46c4212ded545ed717b0ff376752ae11,2,C,leave
16203,9f8736428d68ef86c654e1f0f0b1058e,2,C,stock them
1312,2817aa3ba5ce3496c4222adb7a6aa37c,2,D,leave
7041,83d8403f227baca0464166c404dc0dc2,2,D,order
11967,14399e53229004f2c85ec3810d5cf776,2,D,check the rest
828,b8b10c5c32c46a8f278dc868ef65fd9d,3,A,return
5738,38515a2d399231bb4340622c162d7b1a,3,A,gate
6557,bac07a9a07d31bd971ed4288f10499d6,3,A,get ready
13933,773048bc5ea832a6a6fb93f6da578bc6,3,A,leave
15572,bc3b5c51f98f643be9a99134572a2170,3,A,open
1947,2b7058890eefa22341aa295a036985a9,3,B,board
3588,58538dcb3f84e420200c601a4903dbef,3,B,rush
10128,64e64662aa8b1a57c3e5254b48652bcc,3,B,line up
12599,8e6ad748c0685eaeffbadbae0050306d,3,B,board
14233,46c4212ded545ed717b0ff376752ae11,3,B,proceed to depart
15872,9f8736428d68ef86c654e1f0f0b1058e,3,B,line up
1091,2817aa3ba5ce3496c4222adb7a6aa37c,3,C,swim
6820,83d8403f227baca0464166c404dc0dc2,3,C,jump
11744,14399e53229004f2c85ec3810d5cf776,3,C,exciting
2833,9a8edf1b84fcdd4e9692881d31a5a26e,3,D,talk
4467,559a558cc071b904f807f21b428370da,3,D,be ready to go out on the water
8551,6df37ff0405e34325f86235ab8e45b66,3,D,line up
1926,2b7058890eefa22341aa295a036985a9,4,A,rap
3568,58538dcb3f84e420200c601a4903dbef,4,A,rap
10108,64e64662aa8b1a57c3e5254b48652bcc,4,A,rap
12579,8e6ad748c0685eaeffbadbae0050306d,4,A,rhyme
14213,46c4212ded545ed717b0ff376752ae11,4,A,perform
15852,9f8736428d68ef86c654e1f0f0b1058e,4,A,rap
1553,2817aa3ba5ce3496c4222adb7a6aa37c,4,B,rap
7282,83d8403f227baca0464166c404dc0dc2,4,B,rap
12208,14399e53229004f2c85ec3810d5cf776,4,B,prepare
2646,9a8edf1b84fcdd4e9692881d31a5a26e,4,C,prepare
4281,559a558cc071b904f807f21b428370da,4,C,rap
8365,6df37ff0405e34325f86235ab8e45b66,4,C,sing
356,b8b10c5c32c46a8f278dc868ef65fd9d,4,D,rap
5274,38515a2d399231bb4340622c162d7b1a,4,D,rap
6091,bac07a9a07d31bd971ed4288f10499d6,4,D,spit rhymes 
13469,773048bc5ea832a6a6fb93f6da578bc6,4,D,rap
15106,bc3b5c51f98f643be9a99134572a2170,4,D,rap
1015,2817aa3ba5ce3496c4222adb7a6aa37c,5,A,drink water
6744,83d8403f227baca0464166c404dc0dc2,5,A,drink water
11668,14399e53229004f2c85ec3810d5cf776,5,A,drink water
2853,9a8edf1b84fcdd4e9692881d31a5a26e,5,B,drink water
4487,559a558cc071b904f807f21b428370da,5,B,drink water
8571,6df37ff0405e34325f86235ab8e45b66,5,B,drink water
709,b8b10c5c32c46a8f278dc868ef65fd9d,5,C,engage
5620,38515a2d399231bb4340622c162d7b1a,5,C,taxi
6438,bac07a9a07d31bd971ed4288f10499d6,5,C,drink water
13815,773048bc5ea832a6a6fb93f6da578bc6,5,C,drink water
15453,bc3b5c51f98f643be9a99134572a2170,5,C,grab some water
2451,2b7058890eefa22341aa295a036985a9,5,D,drive
4086,58538dcb3f84e420200c601a4903dbef,5,D,stop and drink
10631,64e64662aa8b1a57c3e5254b48652bcc,5,D,buy water
13096,8e6ad748c0685eaeffbadbae0050306d,5,D,drink water
14731,46c4212ded545ed717b0ff376752ae11,5,D,drink water
16373,9f8736428d68ef86c654e1f0f0b1058e,5,D,stop and drink
2657,9a8edf1b84fcdd4e9692881d31a5a26e,6,A,prepare
4292,559a558cc071b904f807f21b428370da,6,A,peel
8376,6df37ff0405e34325f86235ab8e45b66,6,A,peel
318,b8b10c5c32c46a8f278dc868ef65fd9d,6,B,extreme
5236,38515a2d399231bb4340622c162d7b1a,6,B,had
6053,bac07a9a07d31bd971ed4288f10499d6,6,B,peel
13431,773048bc5ea832a6a6fb93f6da578bc6,6,B,prepare
15067,bc3b5c51f98f643be9a99134572a2170,6,B,bring them in
1698,2b7058890eefa22341aa295a036985a9,6,C,stop
3342,58538dcb3f84e420200c601a4903dbef,6,C,pull up more potatoes
9877,64e64662aa8b1a57c3e5254b48652bcc,6,C,cook
12353,8e6ad748c0685eaeffbadbae0050306d,6,C,return
13986,46c4212ded545ed717b0ff376752ae11,6,C,cut
15625,9f8736428d68ef86c654e1f0f0b1058e,6,C,pick fresh produce
1367,2817aa3ba5ce3496c4222adb7a6aa37c,6,D,check the rest of the vegetables. 
7096,83d8403f227baca0464166c404dc0dc2,6,D,peel
12022,14399e53229004f2c85ec3810d5cf776,6,D,must go to the resturant
629,b8b10c5c32c46a8f278dc868ef65fd9d,7,A,cool
5542,38515a2d399231bb4340622c162d7b1a,7,A,front
6360,bac07a9a07d31bd971ed4288f10499d6,7,A,scream
13737,773048bc5ea832a6a6fb93f6da578bc6,7,A,shine
15375,bc3b5c51f98f643be9a99134572a2170,7,A,sit down
1667,2b7058890eefa22341aa295a036985a9,7,B,scream
3311,58538dcb3f84e420200c601a4903dbef,7,B,scream
9846,64e64662aa8b1a57c3e5254b48652bcc,7,B,scream
12321,8e6ad748c0685eaeffbadbae0050306d,7,B,scream
13955,46c4212ded545ed717b0ff376752ae11,7,B,scream
15594,9f8736428d68ef86c654e1f0f0b1058e,7,B,scream
1613,2817aa3ba5ce3496c4222adb7a6aa37c,7,C,pushed around
7342,83d8403f227baca0464166c404dc0dc2,7,C,try to get there fast
12268,14399e53229004f2c85ec3810d5cf776,7,C,continue
3069,9a8edf1b84fcdd4e9692881d31a5a26e,7,D,the rock concert started to play
4702,559a558cc071b904f807f21b428370da,7,D,be frustrated
8786,6df37ff0405e34325f86235ab8e45b66,7,D,be frustrated
1888,2b7058890eefa22341aa295a036985a9,8,A,sit down
3530,58538dcb3f84e420200c601a4903dbef,8,A,step backwards 
10069,64e64662aa8b1a57c3e5254b48652bcc,8,A,alight
12541,8e6ad748c0685eaeffbadbae0050306d,8,A,enter
14175,46c4212ded545ed717b0ff376752ae11,8,A,prepare
15814,9f8736428d68ef86c654e1f0f0b1058e,8,A,get ready
1502,2817aa3ba5ce3496c4222adb7a6aa37c,8,B,grab
7231,83d8403f227baca0464166c404dc0dc2,8,B,get ready
12157,14399e53229004f2c85ec3810d5cf776,8,B,get ready
2491,9a8edf1b84fcdd4e9692881d31a5a26e,8,C,get ready
4126,559a558cc071b904f807f21b428370da,8,C,run
8210,6df37ff0405e34325f86235ab8e45b66,8,C,leave
514,b8b10c5c32c46a8f278dc868ef65fd9d,8,D,fire 
5429,38515a2d399231bb4340622c162d7b1a,8,D,train
6247,bac07a9a07d31bd971ed4288f10499d6,8,D,hurry
13624,773048bc5ea832a6a6fb93f6da578bc6,8,D,more
15262,bc3b5c51f98f643be9a99134572a2170,8,D,board
1082,2817aa3ba5ce3496c4222adb7a6aa37c,9,A,rush
6811,83d8403f227baca0464166c404dc0dc2,9,A,use the bathroom
11735,14399e53229004f2c85ec3810d5cf776,9,A,go on a break
2902,9a8edf1b84fcdd4e9692881d31a5a26e,9,B,get ready
4536,559a558cc071b904f807f21b428370da,9,B,run
8620,6df37ff0405e34325f86235ab8e45b66,9,B,enter
729,b8b10c5c32c46a8f278dc868ef65fd9d,9,C,sleep
5640,38515a2d399231bb4340622c162d7b1a,9,C,had
6459,bac07a9a07d31bd971ed4288f10499d6,9,C,come back
13835,773048bc5ea832a6a6fb93f6da578bc6,9,C,leave
15473,bc3b5c51f98f643be9a99134572a2170,9,C,go home
1897,2b7058890eefa22341aa295a036985a9,9,D,come back
3539,58538dcb3f84e420200c601a4903dbef,9,D,come back
10078,64e64662aa8b1a57c3e5254b48652bcc,9,D,stop playing
12550,8e6ad748c0685eaeffbadbae0050306d,9,D,come back
14184,46c4212ded545ed717b0ff376752ae11,9,D,gather the students
15823,9f8736428d68ef86c654e1f0f0b1058e,9,D,get to class
2593,9a8edf1b84fcdd4e9692881d31a5a26e,10,A,prepare
4228,559a558cc071b904f807f21b428370da,10,A,prepare
8312,6df37ff0405e34325f86235ab8e45b66,10,A,speak
296,b8b10c5c32c46a8f278dc868ef65fd9d,10,B,present
5214,38515a2d399231bb4340622c162d7b1a,10,B,start
6031,bac07a9a07d31bd971ed4288f10499d6,10,B,prepare
13409,773048bc5ea832a6a6fb93f6da578bc6,10,B,sit
15045,bc3b5c51f98f643be9a99134572a2170,10,B,start
2139,2b7058890eefa22341aa295a036985a9,10,C,run
3779,58538dcb3f84e420200c601a4903dbef,10,C,hurry
10323,64e64662aa8b1a57c3e5254b48652bcc,10,C,keep quiet
12790,8e6ad748c0685eaeffbadbae0050306d,10,C,travel
14425,46c4212ded545ed717b0ff376752ae11,10,C,decide next steps
16066,9f8736428d68ef86c654e1f0f0b1058e,10,C,hurry
1376,2817aa3ba5ce3496c4222adb7a6aa37c,10,D,start
7105,83d8403f227baca0464166c404dc0dc2,10,D,do his job
12031,14399e53229004f2c85ec3810d5cf776,10,D,prepare
327,b8b10c5c32c46a8f278dc868ef65fd9d,11,A,engage
5245,38515a2d399231bb4340622c162d7b1a,11,A,camera
6062,bac07a9a07d31bd971ed4288f10499d6,11,A,perform
13440,773048bc5ea832a6a6fb93f6da578bc6,11,A,set up
15076,bc3b5c51f98f643be9a99134572a2170,11,A,act
1687,2b7058890eefa22341aa295a036985a9,11,B,record
3331,58538dcb3f84e420200c601a4903dbef,11,B,take a picture
9866,64e64662aa8b1a57c3e5254b48652bcc,11,B,talk
12342,8e6ad748c0685eaeffbadbae0050306d,11,B,peform
13975,46c4212ded545ed717b0ff376752ae11,11,B,prepare
15614,9f8736428d68ef86c654e1f0f0b1058e,11,B,get into character
1511,2817aa3ba5ce3496c4222adb7a6aa37c,11,C,take a picture
7240,83d8403f227baca0464166c404dc0dc2,11,C,get ready to act
12166,14399e53229004f2c85ec3810d5cf776,11,C,start
2724,9a8edf1b84fcdd4e9692881d31a5a26e,11,D,set up
4359,559a558cc071b904f807f21b428370da,11,D,wonder why he is behind the camera instead of in front of it
8443,6df37ff0405e34325f86235ab8e45b66,11,D,act
2310,2b7058890eefa22341aa295a036985a9,12,A,dribble
3946,58538dcb3f84e420200c601a4903dbef,12,A,shoot
10490,64e64662aa8b1a57c3e5254b48652bcc,12,A,play
12956,8e6ad748c0685eaeffbadbae0050306d,12,A,hustle
14591,46c4212ded545ed717b0ff376752ae11,12,A,play
16233,9f8736428d68ef86c654e1f0f0b1058e,12,A,serve
886,2817aa3ba5ce3496c4222adb7a6aa37c,12,B,serve
6615,83d8403f227baca0464166c404dc0dc2,12,B,get in the zone
11539,14399e53229004f2c85ec3810d5cf776,12,B,start
2882,9a8edf1b84fcdd4e9692881d31a5a26e,12,C,be ready
4516,559a558cc071b904f807f21b428370da,12,C,panic and hurry
8600,6df37ff0405e34325f86235ab8e45b66,12,C,run
700,b8b10c5c32c46a8f278dc868ef65fd9d,12,D,pay attention
5611,38515a2d399231bb4340622c162d7b1a,12,D,game
6429,bac07a9a07d31bd971ed4288f10499d6,12,D,wait to eat
13806,773048bc5ea832a6a6fb93f6da578bc6,12,D,play
15444,bc3b5c51f98f643be9a99134572a2170,12,D,play
1292,2817aa3ba5ce3496c4222adb7a6aa37c,13,A,wait
7021,83d8403f227baca0464166c404dc0dc2,13,A,wait
11946,14399e53229004f2c85ec3810d5cf776,13,A,take the order
2626,9a8edf1b84fcdd4e9692881d31a5a26e,13,B,wait
4261,559a558cc071b904f807f21b428370da,13,B,wear jackets and sweaters over their uniforms to go outside
8345,6df37ff0405e34325f86235ab8e45b66,13,B,change
670,b8b10c5c32c46a8f278dc868ef65fd9d,13,C,target
5582,38515a2d399231bb4340622c162d7b1a,13,C,park
6400,bac07a9a07d31bd971ed4288f10499d6,13,C,head inside
13777,773048bc5ea832a6a6fb93f6da578bc6,13,C,leave
15415,bc3b5c51f98f643be9a99134572a2170,13,C,leave
2080,2b7058890eefa22341aa295a036985a9,13,D,suffer
3721,58538dcb3f84e420200c601a4903dbef,13,D,head inside
10265,64e64662aa8b1a57c3e5254b48652bcc,13,D,stop
12732,8e6ad748c0685eaeffbadbae0050306d,13,D,shelter
14367,46c4212ded545ed717b0ff376752ae11,13,D,shelter
16008,9f8736428d68ef86c654e1f0f0b1058e,13,D,shelter
3098,9a8edf1b84fcdd4e9692881d31a5a26e,14,A,prepare
4731,559a558cc071b904f807f21b428370da,14,A,continue working
8816,6df37ff0405e34325f86235ab8e45b66,14,A,go inside
586,b8b10c5c32c46a8f278dc868ef65fd9d,14,B,be mistaken
5500,38515a2d399231bb4340622c162d7b1a,14,B,rain
6318,bac07a9a07d31bd971ed4288f10499d6,14,B,get the supplies put up quickly
13695,773048bc5ea832a6a6fb93f6da578bc6,14,B,stop
15333,bc3b5c51f98f643be9a99134572a2170,14,B,shelter
2069,2b7058890eefa22341aa295a036985a9,14,C,plant
3710,58538dcb3f84e420200c601a4903dbef,14,C,go inside
10254,64e64662aa8b1a57c3e5254b48652bcc,14,C,get ready
12721,8e6ad748c0685eaeffbadbae0050306d,14,C,rush
14356,46c4212ded545ed717b0ff376752ae11,14,C,stay
15997,9f8736428d68ef86c654e1f0f0b1058e,14,C,wait
857,2817aa3ba5ce3496c4222adb7a6aa37c,14,D,get ready
6586,83d8403f227baca0464166c404dc0dc2,14,D,put his tools away
11510,14399e53229004f2c85ec3810d5cf776,14,D,check the garden
90,b8b10c5c32c46a8f278dc868ef65fd9d,15,A,regroup
5013,38515a2d399231bb4340622c162d7b1a,15,A,soldier
5829,bac07a9a07d31bd971ed4288f10499d6,15,A,get to work
13207,773048bc5ea832a6a6fb93f6da578bc6,15,A,leave
14843,bc3b5c51f98f643be9a99134572a2170,15,A,listen closely
2401,2b7058890eefa22341aa295a036985a9,15,B,comply
4037,58538dcb3f84e420200c601a4903dbef,15,B,comply
10581,64e64662aa8b1a57c3e5254b48652bcc,15,B,comply
13047,8e6ad748c0685eaeffbadbae0050306d,15,B,comply
14682,46c4212ded545ed717b0ff376752ae11,15,B,comply
16324,9f8736428d68ef86c654e1f0f0b1058e,15,B,deploy
1055,2817aa3ba5ce3496c4222adb7a6aa37c,15,C,return
6784,83d8403f227baca0464166c404dc0dc2,15,C,prepare
11708,14399e53229004f2c85ec3810d5cf776,15,C,hurry
2695,9a8edf1b84fcdd4e9692881d31a5a26e,15,D,report to duty
4330,559a558cc071b904f807f21b428370da,15,D,prepare
8414,6df37ff0405e34325f86235ab8e45b66,15,D,pack
1709,2b7058890eefa22341aa295a036985a9,16,A,brake
3353,58538dcb3f84e420200c601a4903dbef,16,A,look back
9888,64e64662aa8b1a57c3e5254b48652bcc,16,A,brake
12364,8e6ad748c0685eaeffbadbae0050306d,16,A,stop
13997,46c4212ded545ed717b0ff376752ae11,16,A,stop
15636,9f8736428d68ef86c654e1f0f0b1058e,16,A,stop
897,2817aa3ba5ce3496c4222adb7a6aa37c,16,B,pull over. 
6626,83d8403f227baca0464166c404dc0dc2,16,B,slow down
11550,14399e53229004f2c85ec3810d5cf776,16,B,stop
2502,9a8edf1b84fcdd4e9692881d31a5a26e,16,C,get back on
4137,559a558cc071b904f807f21b428370da,16,C,stop
8221,6df37ff0405e34325f86235ab8e45b66,16,C,slow down
818,b8b10c5c32c46a8f278dc868ef65fd9d,16,D,grab
5729,38515a2d399231bb4340622c162d7b1a,16,D,final
6548,bac07a9a07d31bd971ed4288f10499d6,16,D,get out of the way
13924,773048bc5ea832a6a6fb93f6da578bc6,16,D,move
15563,bc3b5c51f98f643be9a99134572a2170,16,D,get off
1573,2817aa3ba5ce3496c4222adb7a6aa37c,17,A,relax
7302,83d8403f227baca0464166c404dc0dc2,17,A,go to sleep
12228,14399e53229004f2c85ec3810d5cf776,17,A,check up
3185,9a8edf1b84fcdd4e9692881d31a5a26e,17,B,relax
4818,559a558cc071b904f807f21b428370da,17,B,go to sleep
8903,6df37ff0405e34325f86235ab8e45b66,17,B,hurry
29,b8b10c5c32c46a8f278dc868ef65fd9d,17,C,leave
4953,38515a2d399231bb4340622c162d7b1a,17,C,park
5769,bac07a9a07d31bd971ed4288f10499d6,17,C,head home
13147,773048bc5ea832a6a6fb93f6da578bc6,17,C,close
14782,bc3b5c51f98f643be9a99134572a2170,17,C,head home
2018,2b7058890eefa22341aa295a036985a9,17,D,run
3659,58538dcb3f84e420200c601a4903dbef,17,D,think of ways
10202,64e64662aa8b1a57c3e5254b48652bcc,17,D,leave
12670,8e6ad748c0685eaeffbadbae0050306d,17,D,skip
14305,46c4212ded545ed717b0ff376752ae11,17,D,shorten time at park
15945,9f8736428d68ef86c654e1f0f0b1058e,17,D,go home
2873,9a8edf1b84fcdd4e9692881d31a5a26e,18,A,hydrate and relax
4507,559a558cc071b904f807f21b428370da,18,A,train
8591,6df37ff0405e34325f86235ab8e45b66,18,A,train
407,b8b10c5c32c46a8f278dc868ef65fd9d,18,B,train
5323,38515a2d399231bb4340622c162d7b1a,18,B,train
6140,bac07a9a07d31bd971ed4288f10499d6,18,B,go
13518,773048bc5ea832a6a6fb93f6da578bc6,18,B,begin
15155,bc3b5c51f98f643be9a99134572a2170,18,B,start practicing
2049,2b7058890eefa22341aa295a036985a9,18,C,prepare
3690,58538dcb3f84e420200c601a4903dbef,18,C,stretch
10233,64e64662aa8b1a57c3e5254b48652bcc,18,C,exit
12701,8e6ad748c0685eaeffbadbae0050306d,18,C,eat
14336,46c4212ded545ed717b0ff376752ae11,18,C,eat
15977,9f8736428d68ef86c654e1f0f0b1058e,18,C,eat
1460,2817aa3ba5ce3496c4222adb7a6aa37c,18,D,prepare a healthy meal
7189,83d8403f227baca0464166c404dc0dc2,18,D,eat
12115,14399e53229004f2c85ec3810d5cf776,18,D,win
367,b8b10c5c32c46a8f278dc868ef65fd9d,19,A,perform
5285,38515a2d399231bb4340622c162d7b1a,19,A,stage
6102,bac07a9a07d31bd971ed4288f10499d6,19,A,project 
13480,773048bc5ea832a6a6fb93f6da578bc6,19,A,act
15117,bc3b5c51f98f643be9a99134572a2170,19,A,act
2060,2b7058890eefa22341aa295a036985a9,19,B,perform
3701,58538dcb3f84e420200c601a4903dbef,19,B,get ready
10244,64e64662aa8b1a57c3e5254b48652bcc,19,B,sit down
12712,8e6ad748c0685eaeffbadbae0050306d,19,B,dance
14347,46c4212ded545ed717b0ff376752ae11,19,B,perform
15988,9f8736428d68ef86c654e1f0f0b1058e,19,B,get into character
1122,2817aa3ba5ce3496c4222adb7a6aa37c,19,C,walk back to his seat
6851,83d8403f227baca0464166c404dc0dc2,19,C,get into character
11775,14399e53229004f2c85ec3810d5cf776,19,C,hurry up
2746,9a8edf1b84fcdd4e9692881d31a5a26e,19,D,go
4381,559a558cc071b904f807f21b428370da,19,D,calm down
8465,6df37ff0405e34325f86235ab8e45b66,19,D,get ready
1656,2b7058890eefa22341aa295a036985a9,20,A,cook
3300,58538dcb3f84e420200c601a4903dbef,20,A,make it
9835,64e64662aa8b1a57c3e5254b48652bcc,20,A,wake
12310,8e6ad748c0685eaeffbadbae0050306d,20,A,cook
13944,46c4212ded545ed717b0ff376752ae11,20,A,cook
15583,9f8736428d68ef86c654e1f0f0b1058e,20,A,prepare
1323,2817aa3ba5ce3496c4222adb7a6aa37c,20,B,make it
7052,83d8403f227baca0464166c404dc0dc2,20,B,cook
11978,14399e53229004f2c85ec3810d5cf776,20,B,make it
2944,9a8edf1b84fcdd4e9692881d31a5a26e,20,C,get ready
4578,559a558cc071b904f807f21b428370da,20,C,go into the restaurant to start cooking the customer's order
8662,6df37ff0405e34325f86235ab8e45b66,20,C,hurry
209,b8b10c5c32c46a8f278dc868ef65fd9d,20,D,fallen
5128,38515a2d399231bb4340622c162d7b1a,20,D,chef
5945,bac07a9a07d31bd971ed4288f10499d6,20,D,hurry
13323,773048bc5ea832a6a6fb93f6da578bc6,20,D,deliver it
14958,bc3b5c51f98f643be9a99134572a2170,20,D,deliver it
1562,2817aa3ba5ce3496c4222adb7a6aa37c,21,A,read the speech
7291,83d8403f227baca0464166c404dc0dc2,21,A,speak
12217,14399e53229004f2c85ec3810d5cf776,21,A,read the speech
3116,9a8edf1b84fcdd4e9692881d31a5a26e,21,B,prepare
4749,559a558cc071b904f807f21b428370da,21,B,speak
8834,6df37ff0405e34325f86235ab8e45b66,21,B,speak
523,b8b10c5c32c46a8f278dc868ef65fd9d,21,C,inform
5438,38515a2d399231bb4340622c162d7b1a,21,C,speak
6256,bac07a9a07d31bd971ed4288f10499d6,21,C,run
13633,773048bc5ea832a6a6fb93f6da578bc6,21,C,speak
15271,bc3b5c51f98f643be9a99134572a2170,21,C,speak
1718,2b7058890eefa22341aa295a036985a9,21,D,yell
3362,58538dcb3f84e420200c601a4903dbef,21,D,speak
9898,64e64662aa8b1a57c3e5254b48652bcc,21,D,read the speech
12373,8e6ad748c0685eaeffbadbae0050306d,21,D,play
14007,46c4212ded545ed717b0ff376752ae11,21,D,speak
15645,9f8736428d68ef86c654e1f0f0b1058e,21,D,introduce themselves
2893,9a8edf1b84fcdd4e9692881d31a5a26e,22,A,write
4527,559a558cc071b904f807f21b428370da,22,A,focus
8611,6df37ff0405e34325f86235ab8e45b66,22,A,submit
749,b8b10c5c32c46a8f278dc868ef65fd9d,22,B,grimace
5660,38515a2d399231bb4340622c162d7b1a,22,B,had
6479,bac07a9a07d31bd971ed4288f10499d6,22,B,focus
13855,773048bc5ea832a6a6fb93f6da578bc6,22,B,of the project
15493,bc3b5c51f98f643be9a99134572a2170,22,B,rush
2383,2b7058890eefa22341aa295a036985a9,22,C,rush
4019,58538dcb3f84e420200c601a4903dbef,22,C,finish
10563,64e64662aa8b1a57c3e5254b48652bcc,22,C,pause
13029,8e6ad748c0685eaeffbadbae0050306d,22,C,hurry
14664,46c4212ded545ed717b0ff376752ae11,22,C,leave the car and perform requirements
16306,9f8736428d68ef86c654e1f0f0b1058e,22,C,hurry
1111,2817aa3ba5ce3496c4222adb7a6aa37c,22,D,hurry
6840,83d8403f227baca0464166c404dc0dc2,22,D,finish
11764,14399e53229004f2c85ec3810d5cf776,22,D,finish
231,b8b10c5c32c46a8f278dc868ef65fd9d,23,A,cook
5150,38515a2d399231bb4340622c162d7b1a,23,A,family
5967,bac07a9a07d31bd971ed4288f10499d6,23,A,swim and cook
13345,773048bc5ea832a6a6fb93f6da578bc6,23,A,duty
14980,bc3b5c51f98f643be9a99134572a2170,23,A,swim
1782,2b7058890eefa22341aa295a036985a9,23,B,cook
3426,58538dcb3f84e420200c601a4903dbef,23,B,take out their tent
9963,64e64662aa8b1a57c3e5254b48652bcc,23,B,settle
12437,8e6ad748c0685eaeffbadbae0050306d,23,B,cook
14071,46c4212ded545ed717b0ff376752ae11,23,B,relax
15710,9f8736428d68ef86c654e1f0f0b1058e,23,B,swim
1026,2817aa3ba5ce3496c4222adb7a6aa37c,23,C,make a fire to cook food. 
6755,83d8403f227baca0464166c404dc0dc2,23,C,roast marshmallows
11679,14399e53229004f2c85ec3810d5cf776,23,C,play games
3207,9a8edf1b84fcdd4e9692881d31a5a26e,23,D,get ready
4840,559a558cc071b904f807f21b428370da,23,D,sleep
8925,6df37ff0405e34325f86235ab8e45b66,23,D,cook
1998,2b7058890eefa22341aa295a036985a9,24,A,hurry
3639,58538dcb3f84e420200c601a4903dbef,24,A,place it by the steps
10182,64e64662aa8b1a57c3e5254b48652bcc,24,A,hurry
12650,8e6ad748c0685eaeffbadbae0050306d,24,A,hurry
14285,46c4212ded545ed717b0ff376752ae11,24,A,carry multiple packages at a time
15925,9f8736428d68ef86c654e1f0f0b1058e,24,A,hurry
866,2817aa3ba5ce3496c4222adb7a6aa37c,24,B,deliver
6595,83d8403f227baca0464166c404dc0dc2,24,B,run
11519,14399e53229004f2c85ec3810d5cf776,24,B,deliver
2520,9a8edf1b84fcdd4e9692881d31a5a26e,24,C,deliver 
4155,559a558cc071b904f807f21b428370da,24,C,hurry
8239,6df37ff0405e34325f86235ab8e45b66,24,C,hurry
7,b8b10c5c32c46a8f278dc868ef65fd9d,24,D,drive
4931,38515a2d399231bb4340622c162d7b1a,24,D,gym
5747,bac07a9a07d31bd971ed4288f10499d6,24,D,leave
13125,773048bc5ea832a6a6fb93f6da578bc6,24,D,hurry
14760,bc3b5c51f98f643be9a99134572a2170,24,D,leave
1239,2817aa3ba5ce3496c4222adb7a6aa37c,25,A,rush
6968,83d8403f227baca0464166c404dc0dc2,25,A,write
11892,14399e53229004f2c85ec3810d5cf776,25,A,get new trainees
2615,9a8edf1b84fcdd4e9692881d31a5a26e,25,B,open the office at 9am
4250,559a558cc071b904f807f21b428370da,25,B,work
8334,6df37ff0405e34325f86235ab8e45b66,25,B,type
449,b8b10c5c32c46a8f278dc868ef65fd9d,25,C,leave
5365,38515a2d399231bb4340622c162d7b1a,25,C,trainee
6183,bac07a9a07d31bd971ed4288f10499d6,25,C,finish
13560,773048bc5ea832a6a6fb93f6da578bc6,25,C,finish
15197,bc3b5c51f98f643be9a99134572a2170,25,C,write
1877,2b7058890eefa22341aa295a036985a9,25,D,dash
3519,58538dcb3f84e420200c601a4903dbef,25,D,finish
10058,64e64662aa8b1a57c3e5254b48652bcc,25,D,go find one
12530,8e6ad748c0685eaeffbadbae0050306d,25,D,rush
14164,46c4212ded545ed717b0ff376752ae11,25,D,create and deliver it
15803,9f8736428d68ef86c654e1f0f0b1058e,25,D,finish lunch
2604,9a8edf1b84fcdd4e9692881d31a5a26e,26,A,get ready
4239,559a558cc071b904f807f21b428370da,26,A,get ready
8323,6df37ff0405e34325f86235ab8e45b66,26,A,wash his hands
492,b8b10c5c32c46a8f278dc868ef65fd9d,26,B,me
5407,38515a2d399231bb4340622c162d7b1a,26,B,brain
6225,bac07a9a07d31bd971ed4288f10499d6,26,B,focus
13602,773048bc5ea832a6a6fb93f6da578bc6,26,B,change shifts
15240,bc3b5c51f98f643be9a99134572a2170,26,B,assist
2471,2b7058890eefa22341aa295a036985a9,26,C,come
4106,58538dcb3f84e420200c601a4903dbef,26,C,get ready
10651,64e64662aa8b1a57c3e5254b48652bcc,26,C,be patient
13116,8e6ad748c0685eaeffbadbae0050306d,26,C,decline
14751,46c4212ded545ed717b0ff376752ae11,26,C,call another doctor to support
16393,9f8736428d68ef86c654e1f0f0b1058e,26,C,decline
1334,2817aa3ba5ce3496c4222adb7a6aa37c,26,D,call
7063,83d8403f227baca0464166c404dc0dc2,26,D,call
11989,14399e53229004f2c85ec3810d5cf776,26,D,hurry
481,b8b10c5c32c46a8f278dc868ef65fd9d,27,A,wait
5396,38515a2d399231bb4340622c162d7b1a,27,A,back
6214,bac07a9a07d31bd971ed4288f10499d6,27,A,be patient
13591,773048bc5ea832a6a6fb93f6da578bc6,27,A,wait
15229,bc3b5c51f98f643be9a99134572a2170,27,A,wait
1814,2b7058890eefa22341aa295a036985a9,27,B,rest
3457,58538dcb3f84e420200c601a4903dbef,27,B,get him first
9994,64e64662aa8b1a57c3e5254b48652bcc,27,B,cut the line
12468,8e6ad748c0685eaeffbadbae0050306d,27,B,wait
14102,46c4212ded545ed717b0ff376752ae11,27,B,wait
15741,9f8736428d68ef86c654e1f0f0b1058e,27,B,wait
1440,2817aa3ba5ce3496c4222adb7a6aa37c,27,C,wait
7169,83d8403f227baca0464166c404dc0dc2,27,C,rush
12095,14399e53229004f2c85ec3810d5cf776,27,C,come
3007,9a8edf1b84fcdd4e9692881d31a5a26e,27,D,call
4640,559a558cc071b904f807f21b428370da,27,D,give up
8724,6df37ff0405e34325f86235ab8e45b66,27,D,wait
1678,2b7058890eefa22341aa295a036985a9,28,A,knit
3322,58538dcb3f84e420200c601a4903dbef,28,A,knit
9857,64e64662aa8b1a57c3e5254b48652bcc,28,A,get ready
12333,8e6ad748c0685eaeffbadbae0050306d,28,A,knit
13966,46c4212ded545ed717b0ff376752ae11,28,A,knit
15605,9f8736428d68ef86c654e1f0f0b1058e,28,A,knit
1533,2817aa3ba5ce3496c4222adb7a6aa37c,28,B,knit
7262,83d8403f227baca0464166c404dc0dc2,28,B,knit
12188,14399e53229004f2c85ec3810d5cf776,28,B,knit
2562,9a8edf1b84fcdd4e9692881d31a5a26e,28,C,worry
4197,559a558cc071b904f807f21b428370da,28,C,buy yarn
8281,6df37ff0405e34325f86235ab8e45b66,28,C,buy yarn
568,b8b10c5c32c46a8f278dc868ef65fd9d,28,D,meet
5482,38515a2d399231bb4340622c162d7b1a,28,D,sweater
6300,bac07a9a07d31bd971ed4288f10499d6,28,D,buy yarn
13677,773048bc5ea832a6a6fb93f6da578bc6,28,D,knit 
15315,bc3b5c51f98f643be9a99134572a2170,28,D,knit
1398,2817aa3ba5ce3496c4222adb7a6aa37c,29,A,take a statement
7127,83d8403f227baca0464166c404dc0dc2,29,A,take a statement
12053,14399e53229004f2c85ec3810d5cf776,29,A,investigate
2715,9a8edf1b84fcdd4e9692881d31a5a26e,29,B,call 911
4350,559a558cc071b904f807f21b428370da,29,B,go back
8434,6df37ff0405e34325f86235ab8e45b66,29,B,write a report
535,b8b10c5c32c46a8f278dc868ef65fd9d,29,C,begin
5449,38515a2d399231bb4340622c162d7b1a,29,C,police
6267,bac07a9a07d31bd971ed4288f10499d6,29,C,leave
13644,773048bc5ea832a6a6fb93f6da578bc6,29,C,arrive
15282,bc3b5c51f98f643be9a99134572a2170,29,C,take a statement
1751,2b7058890eefa22341aa295a036985a9,29,D,find him
3395,58538dcb3f84e420200c601a4903dbef,29,D,look for him
9932,64e64662aa8b1a57c3e5254b48652bcc,29,D,be lazy
12406,8e6ad748c0685eaeffbadbae0050306d,29,D,resign
14040,46c4212ded545ed717b0ff376752ae11,29,D,call for help
15678,9f8736428d68ef86c654e1f0f0b1058e,29,D,write a report
2779,9a8edf1b84fcdd4e9692881d31a5a26e,30,A,scan them
4414,559a558cc071b904f807f21b428370da,30,A,do their best
8498,6df37ff0405e34325f86235ab8e45b66,30,A,scan them
186,b8b10c5c32c46a8f278dc868ef65fd9d,30,B,appear
5106,38515a2d399231bb4340622c162d7b1a,30,B,approach
5923,bac07a9a07d31bd971ed4288f10499d6,30,B,not move fast enough to keep up
13301,773048bc5ea832a6a6fb93f6da578bc6,30,B,do the calculations
14936,bc3b5c51f98f643be9a99134572a2170,30,B,prepare
1978,2b7058890eefa22341aa295a036985a9,30,C,be late
3619,58538dcb3f84e420200c601a4903dbef,30,C,come out
10161,64e64662aa8b1a57c3e5254b48652bcc,30,C,adjust
12630,8e6ad748c0685eaeffbadbae0050306d,30,C,delay
14265,46c4212ded545ed717b0ff376752ae11,30,C,be talked to about their performance
15904,9f8736428d68ef86c654e1f0f0b1058e,30,C,be late
975,2817aa3ba5ce3496c4222adb7a6aa37c,30,D,scan them
6704,83d8403f227baca0464166c404dc0dc2,30,D,scan them
11628,14399e53229004f2c85ec3810d5cf776,30,D,cause the problems for the boss
595,b8b10c5c32c46a8f278dc868ef65fd9d,31,A,run
5509,38515a2d399231bb4340622c162d7b1a,31,A,track
6327,bac07a9a07d31bd971ed4288f10499d6,31,A,take off 
13704,773048bc5ea832a6a6fb93f6da578bc6,31,A,the space
15342,bc3b5c51f98f643be9a99134572a2170,31,A,go
2372,2b7058890eefa22341aa295a036985a9,31,B,run
4008,58538dcb3f84e420200c601a4903dbef,31,B,take off
10552,64e64662aa8b1a57c3e5254b48652bcc,31,B,run
13018,8e6ad748c0685eaeffbadbae0050306d,31,B,run
14653,46c4212ded545ed717b0ff376752ae11,31,B,start
16295,9f8736428d68ef86c654e1f0f0b1058e,31,B,run
944,2817aa3ba5ce3496c4222adb7a6aa37c,31,C,take off
6673,83d8403f227baca0464166c404dc0dc2,31,C,put on his shoes
11597,14399e53229004f2c85ec3810d5cf776,31,C,come out to watch the game
2933,9a8edf1b84fcdd4e9692881d31a5a26e,31,D,run
4567,559a558cc071b904f807f21b428370da,31,D,wish they were at the race and racing themselves
8651,6df37ff0405e34325f86235ab8e45b66,31,D,run
2363,2b7058890eefa22341aa295a036985a9,32,A,close it
3999,58538dcb3f84e420200c601a4903dbef,32,A,greet
10543,64e64662aa8b1a57c3e5254b48652bcc,32,A,prepare them
13009,8e6ad748c0685eaeffbadbae0050306d,32,A,smile
14644,46c4212ded545ed717b0ff376752ae11,32,A,announce the status
16286,9f8736428d68ef86c654e1f0f0b1058e,32,A,greet
1582,2817aa3ba5ce3496c4222adb7a6aa37c,32,B,check them in
7311,83d8403f227baca0464166c404dc0dc2,32,B,greet
12237,14399e53229004f2c85ec3810d5cf776,32,B,wait
2964,9a8edf1b84fcdd4e9692881d31a5a26e,32,C,seat them
4598,559a558cc071b904f807f21b428370da,32,C,worry
8682,6df37ff0405e34325f86235ab8e45b66,32,C,greet
758,b8b10c5c32c46a8f278dc868ef65fd9d,32,D,begin
5669,38515a2d399231bb4340622c162d7b1a,32,D,will
6488,bac07a9a07d31bd971ed4288f10499d6,32,D,greet them
13864,773048bc5ea832a6a6fb93f6da578bc6,32,D,begin
15503,bc3b5c51f98f643be9a99134572a2170,32,D,board
1622,2817aa3ba5ce3496c4222adb7a6aa37c,33,A,play
7351,83d8403f227baca0464166c404dc0dc2,33,A,strum
12277,14399e53229004f2c85ec3810d5cf776,33,A,wait
3125,9a8edf1b84fcdd4e9692881d31a5a26e,33,B,listen
4758,559a558cc071b904f807f21b428370da,33,B,play
8843,6df37ff0405e34325f86235ab8e45b66,33,B,play
175,b8b10c5c32c46a8f278dc868ef65fd9d,33,C,rehearse
5095,38515a2d399231bb4340622c162d7b1a,33,C,van
5912,bac07a9a07d31bd971ed4288f10499d6,33,C,run
13290,773048bc5ea832a6a6fb93f6da578bc6,33,C,play
14925,bc3b5c51f98f643be9a99134572a2170,33,C,get ready
1967,2b7058890eefa22341aa295a036985a9,33,D,cheer
3608,58538dcb3f84e420200c601a4903dbef,33,D,play
10150,64e64662aa8b1a57c3e5254b48652bcc,33,D,try to do his best 
12619,8e6ad748c0685eaeffbadbae0050306d,33,D,enter
14254,46c4212ded545ed717b0ff376752ae11,33,D,depart
15892,9f8736428d68ef86c654e1f0f0b1058e,33,D,be late
3163,9a8edf1b84fcdd4e9692881d31a5a26e,34,A,get ready
4796,559a558cc071b904f807f21b428370da,34,A,tip
8881,6df37ff0405e34325f86235ab8e45b66,34,A,tip
38,b8b10c5c32c46a8f278dc868ef65fd9d,34,B,pour
4962,38515a2d399231bb4340622c162d7b1a,34,B,drink
5778,bac07a9a07d31bd971ed4288f10499d6,34,B,tip
13156,773048bc5ea832a6a6fb93f6da578bc6,34,B,buy more
14791,bc3b5c51f98f643be9a99134572a2170,34,B,tip
2119,2b7058890eefa22341aa295a036985a9,34,C,tip
3759,58538dcb3f84e420200c601a4903dbef,34,C,be very nice
10303,64e64662aa8b1a57c3e5254b48652bcc,34,C,consider
12770,8e6ad748c0685eaeffbadbae0050306d,34,C,drive
14405,46c4212ded545ed717b0ff376752ae11,34,C,tip
16046,9f8736428d68ef86c654e1f0f0b1058e,34,C,remember them
935,2817aa3ba5ce3496c4222adb7a6aa37c,34,D,serve
6664,83d8403f227baca0464166c404dc0dc2,34,D,tip
11588,14399e53229004f2c85ec3810d5cf776,34,D,come
720,b8b10c5c32c46a8f278dc868ef65fd9d,35,A,faint
5631,38515a2d399231bb4340622c162d7b1a,35,A,her
6450,bac07a9a07d31bd971ed4288f10499d6,35,A,stay alert
13826,773048bc5ea832a6a6fb93f6da578bc6,35,A,submit it
15464,bc3b5c51f98f643be9a99134572a2170,35,A,write it down
2354,2b7058890eefa22341aa295a036985a9,35,B,complete it
3990,58538dcb3f84e420200c601a4903dbef,35,B,repair it
10534,64e64662aa8b1a57c3e5254b48652bcc,35,B,get rid of the phone
13000,8e6ad748c0685eaeffbadbae0050306d,35,B,work
14635,46c4212ded545ed717b0ff376752ae11,35,B,resolve the issue
16277,9f8736428d68ef86c654e1f0f0b1058e,35,B,fix it
1281,2817aa3ba5ce3496c4222adb7a6aa37c,35,C,rush back
7010,83d8403f227baca0464166c404dc0dc2,35,C,get ready
11935,14399e53229004f2c85ec3810d5cf776,35,C,set another time
3218,9a8edf1b84fcdd4e9692881d31a5a26e,35,D,be prepared
4851,559a558cc071b904f807f21b428370da,35,D,panic later
8936,6df37ff0405e34325f86235ab8e45b66,35,D,work
1791,2b7058890eefa22341aa295a036985a9,36,A,clean
3435,58538dcb3f84e420200c601a4903dbef,36,A,have a seat available
9972,64e64662aa8b1a57c3e5254b48652bcc,36,A,rest
12446,8e6ad748c0685eaeffbadbae0050306d,36,A,prepare
14080,46c4212ded545ed717b0ff376752ae11,36,A,clean
15719,9f8736428d68ef86c654e1f0f0b1058e,36,A,sweep
1064,2817aa3ba5ce3496c4222adb7a6aa37c,36,B,prepare
6793,83d8403f227baca0464166c404dc0dc2,36,B,clean
11717,14399e53229004f2c85ec3810d5cf776,36,B,had to take a snap
3154,9a8edf1b84fcdd4e9692881d31a5a26e,36,C,wait
4787,559a558cc071b904f807f21b428370da,36,C,prepare
8872,6df37ff0405e34325f86235ab8e45b66,36,C,clean
99,b8b10c5c32c46a8f278dc868ef65fd9d,36,D,eat
5022,38515a2d399231bb4340622c162d7b1a,36,D,barber
5838,bac07a9a07d31bd971ed4288f10499d6,36,D,eat
13216,773048bc5ea832a6a6fb93f6da578bc6,36,D,come
14852,bc3b5c51f98f643be9a99134572a2170,36,D,clean
1409,2817aa3ba5ce3496c4222adb7a6aa37c,37,A,try and make the baby fall asleep
7138,83d8403f227baca0464166c404dc0dc2,37,A,sing
12064,14399e53229004f2c85ec3810d5cf776,37,A,try and make the baby fall asleep
2757,9a8edf1b84fcdd4e9692881d31a5a26e,37,B,wait
4392,559a558cc071b904f807f21b428370da,37,B,rock the cradle
8476,6df37ff0405e34325f86235ab8e45b66,37,B,rock the cradle
81,b8b10c5c32c46a8f278dc868ef65fd9d,37,C,return
5004,38515a2d399231bb4340622c162d7b1a,37,C,baby
5820,bac07a9a07d31bd971ed4288f10499d6,37,C,take the baby inside
13198,773048bc5ea832a6a6fb93f6da578bc6,37,C,help
14834,bc3b5c51f98f643be9a99134572a2170,37,C,play
2422,2b7058890eefa22341aa295a036985a9,37,D,help
4057,58538dcb3f84e420200c601a4903dbef,37,D,come inside
10601,64e64662aa8b1a57c3e5254b48652bcc,37,D,sing
13067,8e6ad748c0685eaeffbadbae0050306d,37,D,play
14702,46c4212ded545ed717b0ff376752ae11,37,D,comfort
16344,9f8736428d68ef86c654e1f0f0b1058e,37,D,keep them awake
2686,9a8edf1b84fcdd4e9692881d31a5a26e,38,A,set it up
4321,559a558cc071b904f807f21b428370da,38,A,prepare
8405,6df37ff0405e34325f86235ab8e45b66,38,A,work
458,b8b10c5c32c46a8f278dc868ef65fd9d,38,B,arrive
5374,38515a2d399231bb4340622c162d7b1a,38,B,invite
6192,bac07a9a07d31bd971ed4288f10499d6,38,B,rsvp
13569,773048bc5ea832a6a6fb93f6da578bc6,38,B,attended
15206,bc3b5c51f98f643be9a99134572a2170,38,B,greet
1823,2b7058890eefa22341aa295a036985a9,38,C,rest
3466,58538dcb3f84e420200c601a4903dbef,38,C,make sure his display is safe
10003,64e64662aa8b1a57c3e5254b48652bcc,38,C,measure
12477,8e6ad748c0685eaeffbadbae0050306d,38,C,celebrate
14111,46c4212ded545ed717b0ff376752ae11,38,C,decide what to make
15750,9f8736428d68ef86c654e1f0f0b1058e,38,C,finish eating
1491,2817aa3ba5ce3496c4222adb7a6aa37c,38,D,sculpt
7220,83d8403f227baca0464166c404dc0dc2,38,D,gather his best works
12146,14399e53229004f2c85ec3810d5cf776,38,D,make it known
470,b8b10c5c32c46a8f278dc868ef65fd9d,39,A,aim
5385,38515a2d399231bb4340622c162d7b1a,39,A,tree
6203,bac07a9a07d31bd971ed4288f10499d6,39,A,aim
13580,773048bc5ea832a6a6fb93f6da578bc6,39,A,climb
15217,bc3b5c51f98f643be9a99134572a2170,39,A,aim
2247,2b7058890eefa22341aa295a036985a9,39,B,shoot
3886,58538dcb3f84e420200c601a4903dbef,39,B,shoot
10430,64e64662aa8b1a57c3e5254b48652bcc,39,B,give up
12896,8e6ad748c0685eaeffbadbae0050306d,39,B,shoot
14531,46c4212ded545ed717b0ff376752ae11,39,B,hunt
16172,9f8736428d68ef86c654e1f0f0b1058e,39,B,aim
1142,2817aa3ba5ce3496c4222adb7a6aa37c,39,C,shoot
6871,83d8403f227baca0464166c404dc0dc2,39,C,aim
11795,14399e53229004f2c85ec3810d5cf776,39,C,set a trap
2540,9a8edf1b84fcdd4e9692881d31a5a26e,39,D,be hunted down
4175,559a558cc071b904f807f21b428370da,39,D,aim
8259,6df37ff0405e34325f86235ab8e45b66,39,D,hide
2029,2b7058890eefa22341aa295a036985a9,40,A,take a photo
3670,58538dcb3f84e420200c601a4903dbef,40,A,take a photo
10213,64e64662aa8b1a57c3e5254b48652bcc,40,A,utilize it
12681,8e6ad748c0685eaeffbadbae0050306d,40,A,pose
14316,46c4212ded545ed717b0ff376752ae11,40,A,take a photo
15956,9f8736428d68ef86c654e1f0f0b1058e,40,A,take a photo
839,2817aa3ba5ce3496c4222adb7a6aa37c,40,B,take a photo
6568,83d8403f227baca0464166c404dc0dc2,40,B,take a photo
11492,14399e53229004f2c85ec3810d5cf776,40,B,earn profit
3238,9a8edf1b84fcdd4e9692881d31a5a26e,40,C,enjoy the tourist season
4871,559a558cc071b904f807f21b428370da,40,C,"be insufferable, because that is not an appropriate location to be using a selfie stick"
8956,6df37ff0405e34325f86235ab8e45b66,40,C,take a photo
119,b8b10c5c32c46a8f278dc868ef65fd9d,40,D,take a photo
5042,38515a2d399231bb4340622c162d7b1a,40,D,take a selfie
5858,bac07a9a07d31bd971ed4288f10499d6,40,D,bump into other patrons occasionally
13237,773048bc5ea832a6a6fb93f6da578bc6,40,D,take a photo
14872,bc3b5c51f98f643be9a99134572a2170,40,D,take a photo
1471,2817aa3ba5ce3496c4222adb7a6aa37c,41,A,tell them to quiet down
7200,83d8403f227baca0464166c404dc0dc2,41,A,talk loudly
12126,14399e53229004f2c85ec3810d5cf776,41,A,wait
2975,9a8edf1b84fcdd4e9692881d31a5a26e,41,B,report on the incident
4609,559a558cc071b904f807f21b428370da,41,B,listen
8693,6df37ff0405e34325f86235ab8e45b66,41,B,talk loudly
143,b8b10c5c32c46a8f278dc868ef65fd9d,41,C,talk loudly
5064,38515a2d399231bb4340622c162d7b1a,41,C,report
5880,bac07a9a07d31bd971ed4288f10499d6,41,C,listen 
13259,773048bc5ea832a6a6fb93f6da578bc6,41,C,stop
14894,bc3b5c51f98f643be9a99134572a2170,41,C,cover their ears
2225,2b7058890eefa22341aa295a036985a9,41,D,turn it down
3864,58538dcb3f84e420200c601a4903dbef,41,D,go inside
10408,64e64662aa8b1a57c3e5254b48652bcc,41,D,leave
12874,8e6ad748c0685eaeffbadbae0050306d,41,D,cut
14509,46c4212ded545ed717b0ff376752ae11,41,D,proceed
16150,9f8736428d68ef86c654e1f0f0b1058e,41,D,stay inside
3107,9a8edf1b84fcdd4e9692881d31a5a26e,42,A,be ready
4740,559a558cc071b904f807f21b428370da,42,A,be ready
8825,6df37ff0405e34325f86235ab8e45b66,42,A,walk
336,b8b10c5c32c46a8f278dc868ef65fd9d,42,B,practice
5254,38515a2d399231bb4340622c162d7b1a,42,B,dress
6071,bac07a9a07d31bd971ed4288f10499d6,42,B,prance
13449,773048bc5ea832a6a6fb93f6da578bc6,42,B,be on stage
15085,bc3b5c51f98f643be9a99134572a2170,42,B,go 
2460,2b7058890eefa22341aa295a036985a9,42,C,dress
4095,58538dcb3f84e420200c601a4903dbef,42,C,head
10640,64e64662aa8b1a57c3e5254b48652bcc,42,C,go 
13105,8e6ad748c0685eaeffbadbae0050306d,42,C,travel
14740,46c4212ded545ed717b0ff376752ae11,42,C,go 
16382,9f8736428d68ef86c654e1f0f0b1058e,42,C,get on the bus
984,2817aa3ba5ce3496c4222adb7a6aa37c,42,D,get ready
6713,83d8403f227baca0464166c404dc0dc2,42,D,get ready
11637,14399e53229004f2c85ec3810d5cf776,42,D,head straight to the model hall
418,b8b10c5c32c46a8f278dc868ef65fd9d,43,A,climb
5334,38515a2d399231bb4340622c162d7b1a,43,A,cliff
6151,bac07a9a07d31bd971ed4288f10499d6,43,A,hack into the ice
13529,773048bc5ea832a6a6fb93f6da578bc6,43,A,break
15166,bc3b5c51f98f643be9a99134572a2170,43,A,climb
1762,2b7058890eefa22341aa295a036985a9,43,B,intimidate 
3406,58538dcb3f84e420200c601a4903dbef,43,B,be trying to save his life
9943,64e64662aa8b1a57c3e5254b48652bcc,43,B,be terrified
12417,8e6ad748c0685eaeffbadbae0050306d,43,B,climb
14051,46c4212ded545ed717b0ff376752ae11,43,B,use the axe
15689,9f8736428d68ef86c654e1f0f0b1058e,43,B,climb
1522,2817aa3ba5ce3496c4222adb7a6aa37c,43,C,make sure his gear was good
7251,83d8403f227baca0464166c404dc0dc2,43,C,plan
12177,14399e53229004f2c85ec3810d5cf776,43,C,okay
2986,9a8edf1b84fcdd4e9692881d31a5a26e,43,D,prepare
4620,559a558cc071b904f807f21b428370da,43,D,prepare
8704,6df37ff0405e34325f86235ab8e45b66,43,D,embark
1740,2b7058890eefa22341aa295a036985a9,44,A,find
3384,58538dcb3f84e420200c601a4903dbef,44,A,shine the light
9921,64e64662aa8b1a57c3e5254b48652bcc,44,A,get damaged
12395,8e6ad748c0685eaeffbadbae0050306d,44,A,see
14029,46c4212ded545ed717b0ff376752ae11,44,A,search
15667,9f8736428d68ef86c654e1f0f0b1058e,44,A,scan
1387,2817aa3ba5ce3496c4222adb7a6aa37c,44,B,look
7116,83d8403f227baca0464166c404dc0dc2,44,B,shine the light
12042,14399e53229004f2c85ec3810d5cf776,44,B,make it easier
2677,9a8edf1b84fcdd4e9692881d31a5a26e,44,C,explore
4312,559a558cc071b904f807f21b428370da,44,C,use it
8396,6df37ff0405e34325f86235ab8e45b66,44,C,get ready
49,b8b10c5c32c46a8f278dc868ef65fd9d,44,D,scavenge
4973,38515a2d399231bb4340622c162d7b1a,44,D,light
5789,bac07a9a07d31bd971ed4288f10499d6,44,D,look
13167,773048bc5ea832a6a6fb93f6da578bc6,44,D,switch it on
14802,bc3b5c51f98f643be9a99134572a2170,44,D,use it
995,2817aa3ba5ce3496c4222adb7a6aa37c,45,A,start
6724,83d8403f227baca0464166c404dc0dc2,45,A,draw blood
11648,14399e53229004f2c85ec3810d5cf776,45,A,get to know
2801,9a8edf1b84fcdd4e9692881d31a5a26e,45,B,handle
4436,559a558cc071b904f807f21b428370da,45,B,tell
8520,6df37ff0405e34325f86235ab8e45b66,45,B,diagnose
220,b8b10c5c32c46a8f278dc868ef65fd9d,45,C,examine
5139,38515a2d399231bb4340622c162d7b1a,45,C,bedroom
5956,bac07a9a07d31bd971ed4288f10499d6,45,C,work
13334,773048bc5ea832a6a6fb93f6da578bc6,45,C,take care
14969,bc3b5c51f98f643be9a99134572a2170,45,C,get checked out
1958,2b7058890eefa22341aa295a036985a9,45,D,rest
3599,58538dcb3f84e420200c601a4903dbef,45,D,begin
10140,64e64662aa8b1a57c3e5254b48652bcc,45,D,examine
12610,8e6ad748c0685eaeffbadbae0050306d,45,D,examine
14245,46c4212ded545ed717b0ff376752ae11,45,D,perform a procedure
15883,9f8736428d68ef86c654e1f0f0b1058e,45,D,work
2790,9a8edf1b84fcdd4e9692881d31a5a26e,46,A,invest
4425,559a558cc071b904f807f21b428370da,46,A,invest
8509,6df37ff0405e34325f86235ab8e45b66,46,A,profit
243,b8b10c5c32c46a8f278dc868ef65fd9d,46,B,sell
5161,38515a2d399231bb4340622c162d7b1a,46,B,banker
5978,bac07a9a07d31bd971ed4288f10499d6,46,B,sell
13356,773048bc5ea832a6a6fb93f6da578bc6,46,B,go high
14992,bc3b5c51f98f643be9a99134572a2170,46,B,sell
1834,2b7058890eefa22341aa295a036985a9,46,C,be thrilled
3477,58538dcb3f84e420200c601a4903dbef,46,C,keep an eye on his stocks
10014,64e64662aa8b1a57c3e5254b48652bcc,46,C,profit
12488,8e6ad748c0685eaeffbadbae0050306d,46,C,exult
14122,46c4212ded545ed717b0ff376752ae11,46,C,monitor
15761,9f8736428d68ef86c654e1f0f0b1058e,46,C,get richer
1208,2817aa3ba5ce3496c4222adb7a6aa37c,46,D,let their client know how it is going
6937,83d8403f227baca0464166c404dc0dc2,46,D,profit
11861,14399e53229004f2c85ec3810d5cf776,46,D,be happy
265,b8b10c5c32c46a8f278dc868ef65fd9d,47,A,operate
5183,38515a2d399231bb4340622c162d7b1a,47,A,room
6000,bac07a9a07d31bd971ed4288f10499d6,47,A,finish
13378,773048bc5ea832a6a6fb93f6da578bc6,47,A,take charge
15014,bc3b5c51f98f643be9a99134572a2170,47,A,start
2040,2b7058890eefa22341aa295a036985a9,47,B,check their vitals
3681,58538dcb3f84e420200c601a4903dbef,47,B,feel sleepy
10224,64e64662aa8b1a57c3e5254b48652bcc,47,B,take care
12692,8e6ad748c0685eaeffbadbae0050306d,47,B,operate
14327,46c4212ded545ed717b0ff376752ae11,47,B,proceed
15967,9f8736428d68ef86c654e1f0f0b1058e,47,B,start
1175,2817aa3ba5ce3496c4222adb7a6aa37c,47,C,finish
6904,83d8403f227baca0464166c404dc0dc2,47,C,wash his hands
11828,14399e53229004f2c85ec3810d5cf776,47,C,find some medicine to reduce the pain
2924,9a8edf1b84fcdd4e9692881d31a5a26e,47,D,fix the patient's teeth
4558,559a558cc071b904f807f21b428370da,47,D,hurry
8642,6df37ff0405e34325f86235ab8e45b66,47,D,pull it
1729,2b7058890eefa22341aa295a036985a9,48,A,deliver
3373,58538dcb3f84e420200c601a4903dbef,48,A,be tired
9910,64e64662aa8b1a57c3e5254b48652bcc,48,A,be safe
12384,8e6ad748c0685eaeffbadbae0050306d,48,A,signal
14018,46c4212ded545ed717b0ff376752ae11,48,A,unload
15656,9f8736428d68ef86c654e1f0f0b1058e,48,A,deliver
1602,2817aa3ba5ce3496c4222adb7a6aa37c,48,B,verify
7331,83d8403f227baca0464166c404dc0dc2,48,B,lift
12257,14399e53229004f2c85ec3810d5cf776,48,B,have to take it to where the event is been held
2637,9a8edf1b84fcdd4e9692881d31a5a26e,48,C,wait
4272,559a558cc071b904f807f21b428370da,48,C,make sure it is not damaged in loading it for delivery
8356,6df37ff0405e34325f86235ab8e45b66,48,C,deliver
388,b8b10c5c32c46a8f278dc868ef65fd9d,48,D,be there
5305,38515a2d399231bb4340622c162d7b1a,48,D,van
6122,bac07a9a07d31bd971ed4288f10499d6,48,D,have to get up and go
13500,773048bc5ea832a6a6fb93f6da578bc6,48,D,be replaced
15137,bc3b5c51f98f643be9a99134572a2170,48,D,drive off
964,2817aa3ba5ce3496c4222adb7a6aa37c,49,A,fight the fire
6693,83d8403f227baca0464166c404dc0dc2,49,A,rush
11617,14399e53229004f2c85ec3810d5cf776,49,A,call
2996,9a8edf1b84fcdd4e9692881d31a5a26e,49,B,stop the fire
4629,559a558cc071b904f807f21b428370da,49,B,work quickly and be mindful of any potential for a backdraft
8713,6df37ff0405e34325f86235ab8e45b66,49,B,stop the fire
807,b8b10c5c32c46a8f278dc868ef65fd9d,49,C,wake up
5718,38515a2d399231bb4340622c162d7b1a,49,C,go to bed
6537,bac07a9a07d31bd971ed4288f10499d6,49,C,get up
13913,773048bc5ea832a6a6fb93f6da578bc6,49,C,spray
15552,bc3b5c51f98f643be9a99134572a2170,49,C,rush
1844,2b7058890eefa22341aa295a036985a9,49,D,stop the fire
3486,58538dcb3f84e420200c601a4903dbef,49,D,stop the fire
10024,64e64662aa8b1a57c3e5254b48652bcc,49,D,stop the fire
12497,8e6ad748c0685eaeffbadbae0050306d,49,D,wake up
14131,46c4212ded545ed717b0ff376752ae11,49,D,react quickly
15770,9f8736428d68ef86c654e1f0f0b1058e,49,D,get up
3289,9a8edf1b84fcdd4e9692881d31a5a26e,50,A,be short handed
4922,559a558cc071b904f807f21b428370da,50,A,do their best
9007,6df37ff0405e34325f86235ab8e45b66,50,A,calm them down
197,b8b10c5c32c46a8f278dc868ef65fd9d,50,B,apologize
5117,38515a2d399231bb4340622c162d7b1a,50,B,client
5934,bac07a9a07d31bd971ed4288f10499d6,50,B,do their best
13312,773048bc5ea832a6a6fb93f6da578bc6,50,B,fix 
14947,bc3b5c51f98f643be9a99134572a2170,50,B,write 
2269,2b7058890eefa22341aa295a036985a9,50,C,not help
3908,58538dcb3f84e420200c601a4903dbef,50,C,leave
10452,64e64662aa8b1a57c3e5254b48652bcc,50,C,fix 
12918,8e6ad748c0685eaeffbadbae0050306d,50,C,celebrate
14553,46c4212ded545ed717b0ff376752ae11,50,C,address 
16194,9f8736428d68ef86c654e1f0f0b1058e,50,C,take note
1006,2817aa3ba5ce3496c4222adb7a6aa37c,50,D,get help
6735,83d8403f227baca0464166c404dc0dc2,50,D,fix 
11659,14399e53229004f2c85ec3810d5cf776,50,D,bout the behaviors of the team members
155,b8b10c5c32c46a8f278dc868ef65fd9d,51,A,confess
5075,38515a2d399231bb4340622c162d7b1a,51,A,student
5891,bac07a9a07d31bd971ed4288f10499d6,51,A,do his best
13270,773048bc5ea832a6a6fb93f6da578bc6,51,A,supervise
14905,bc3b5c51f98f643be9a99134572a2170,51,A,give it to him
1917,2b7058890eefa22341aa295a036985a9,51,B,help
3559,58538dcb3f84e420200c601a4903dbef,51,B,i dont know
10099,64e64662aa8b1a57c3e5254b48652bcc,51,B,make time
12570,8e6ad748c0685eaeffbadbae0050306d,51,B,supervise
14204,46c4212ded545ed717b0ff376752ae11,51,B,respond
15843,9f8736428d68ef86c654e1f0f0b1058e,51,B,help
1037,2817aa3ba5ce3496c4222adb7a6aa37c,51,C,help
6766,83d8403f227baca0464166c404dc0dc2,51,C,help
11690,14399e53229004f2c85ec3810d5cf776,51,C,to do what they think is right
2551,9a8edf1b84fcdd4e9692881d31a5a26e,51,D,balance
4186,559a558cc071b904f807f21b428370da,51,D,make time
8270,6df37ff0405e34325f86235ab8e45b66,51,D,help
1771,2b7058890eefa22341aa295a036985a9,52,A,mediate 
3415,58538dcb3f84e420200c601a4903dbef,52,A,interrupt
9952,64e64662aa8b1a57c3e5254b48652bcc,52,A,listen
12426,8e6ad748c0685eaeffbadbae0050306d,52,A,listen
14060,46c4212ded545ed717b0ff376752ae11,52,A,mediate
15698,9f8736428d68ef86c654e1f0f0b1058e,52,A,mediate
1073,2817aa3ba5ce3496c4222adb7a6aa37c,52,B,evaluate
6802,83d8403f227baca0464166c404dc0dc2,52,B,listen
11726,14399e53229004f2c85ec3810d5cf776,52,B,hang
3058,9a8edf1b84fcdd4e9692881d31a5a26e,52,C,listen
4691,559a558cc071b904f807f21b428370da,52,C,take a deep breath
8775,6df37ff0405e34325f86235ab8e45b66,52,C,help
679,b8b10c5c32c46a8f278dc868ef65fd9d,52,D,decompress
5591,38515a2d399231bb4340622c162d7b1a,52,D,will
6409,bac07a9a07d31bd971ed4288f10499d6,52,D,hurry back
13786,773048bc5ea832a6a6fb93f6da578bc6,52,D,listen 
15424,bc3b5c51f98f643be9a99134572a2170,52,D,listen
1186,2817aa3ba5ce3496c4222adb7a6aa37c,53,A,start to sing
6915,83d8403f227baca0464166c404dc0dc2,53,A,write the next hit
11839,14399e53229004f2c85ec3810d5cf776,53,A,talk about it 
2584,9a8edf1b84fcdd4e9692881d31a5a26e,53,B,make the song popular
4219,559a558cc071b904f807f21b428370da,53,B,prepare to do the same
8303,6df37ff0405e34325f86235ab8e45b66,53,B,write
287,b8b10c5c32c46a8f278dc868ef65fd9d,53,C,danced
5205,38515a2d399231bb4340622c162d7b1a,53,C,park
6022,bac07a9a07d31bd971ed4288f10499d6,53,C,spread the news
13400,773048bc5ea832a6a6fb93f6da578bc6,53,C,promote it
15036,bc3b5c51f98f643be9a99134572a2170,53,C,read aloud
2332,2b7058890eefa22341aa295a036985a9,53,D,also perform
3968,58538dcb3f84e420200c601a4903dbef,53,D,start to sing
10512,64e64662aa8b1a57c3e5254b48652bcc,53,D,good friends
12978,8e6ad748c0685eaeffbadbae0050306d,53,D,write
14613,46c4212ded545ed717b0ff376752ae11,53,D,perform
16255,9f8736428d68ef86c654e1f0f0b1058e,53,D,write about it
3196,9a8edf1b84fcdd4e9692881d31a5a26e,54,A,talk about the finished project
4829,559a558cc071b904f807f21b428370da,54,A,prepare their notes and presentation
8914,6df37ff0405e34325f86235ab8e45b66,54,A,speak
690,b8b10c5c32c46a8f278dc868ef65fd9d,54,B,progress
5602,38515a2d399231bb4340622c162d7b1a,54,B,team
6420,bac07a9a07d31bd971ed4288f10499d6,54,B,tell the team what changes will be made
13797,773048bc5ea832a6a6fb93f6da578bc6,54,B,talk
15435,bc3b5c51f98f643be9a99134572a2170,54,B,preform
1803,2b7058890eefa22341aa295a036985a9,54,C,leave
3446,58538dcb3f84e420200c601a4903dbef,54,C,express gratitude for the meeting
9983,64e64662aa8b1a57c3e5254b48652bcc,54,C,maintain composure
12457,8e6ad748c0685eaeffbadbae0050306d,54,C,speak
14091,46c4212ded545ed717b0ff376752ae11,54,C,speak with the team
15730,9f8736428d68ef86c654e1f0f0b1058e,54,C,praise the team
1219,2817aa3ba5ce3496c4222adb7a6aa37c,54,D,talk to the people
6948,83d8403f227baca0464166c404dc0dc2,54,D,eat lunch
11872,14399e53229004f2c85ec3810d5cf776,54,D,to take lunch
557,b8b10c5c32c46a8f278dc868ef65fd9d,55,A,untie
5471,38515a2d399231bb4340622c162d7b1a,55,A,mechanic
6289,bac07a9a07d31bd971ed4288f10499d6,55,A,completely rebuild it 
13666,773048bc5ea832a6a6fb93f6da578bc6,55,A,to pause
15304,bc3b5c51f98f643be9a99134572a2170,55,A,fix it 
2194,2b7058890eefa22341aa295a036985a9,55,B,fix it
3833,58538dcb3f84e420200c601a4903dbef,55,B,fix it
10377,64e64662aa8b1a57c3e5254b48652bcc,55,B,take another look at the car
12843,8e6ad748c0685eaeffbadbae0050306d,55,B,order
14478,46c4212ded545ed717b0ff376752ae11,55,B,tow the car
16119,9f8736428d68ef86c654e1f0f0b1058e,55,B,fix it
877,2817aa3ba5ce3496c4222adb7a6aa37c,55,C,repair the engine. 
6606,83d8403f227baca0464166c404dc0dc2,55,C,put out cones
11530,14399e53229004f2c85ec3810d5cf776,55,C,fix
3136,9a8edf1b84fcdd4e9692881d31a5a26e,55,D,consider the red engine light
4769,559a558cc071b904f807f21b428370da,55,D,help out the driver with their malfunctioning car
8854,6df37ff0405e34325f86235ab8e45b66,55,D,repair it
2392,2b7058890eefa22341aa295a036985a9,56,A,broadcast
4028,58538dcb3f84e420200c601a4903dbef,56,A,take photos
10572,64e64662aa8b1a57c3e5254b48652bcc,56,A,plan his actions
13038,8e6ad748c0685eaeffbadbae0050306d,56,A,report
14673,46c4212ded545ed717b0ff376752ae11,56,A,be filmed
16315,9f8736428d68ef86c654e1f0f0b1058e,56,A,report
1248,2817aa3ba5ce3496c4222adb7a6aa37c,56,B,begin talking into the camera
6977,83d8403f227baca0464166c404dc0dc2,56,B,report the news
11901,14399e53229004f2c85ec3810d5cf776,56,B,give her speech
3145,9a8edf1b84fcdd4e9692881d31a5a26e,56,C,hide from the terrorist attack
4778,559a558cc071b904f807f21b428370da,56,C,realize they need to document what is happening as quickly as possible
8863,6df37ff0405e34325f86235ab8e45b66,56,C,document it
397,b8b10c5c32c46a8f278dc868ef65fd9d,56,D,report
5314,38515a2d399231bb4340622c162d7b1a,56,D,arrives
6131,bac07a9a07d31bd971ed4288f10499d6,56,D,get ready to make news happen
13509,773048bc5ea832a6a6fb93f6da578bc6,56,D,take pictures
15146,bc3b5c51f98f643be9a99134572a2170,56,D,take pictures
1131,2817aa3ba5ce3496c4222adb7a6aa37c,57,A,brainstorm ideas
6860,83d8403f227baca0464166c404dc0dc2,57,A,draw
11784,14399e53229004f2c85ec3810d5cf776,57,A,realize the capability of the couples
3247,9a8edf1b84fcdd4e9692881d31a5a26e,57,B,help the newly wedded couple build their home
4880,559a558cc071b904f807f21b428370da,57,B,begin work on making the final blueprints a reality
8965,6df37ff0405e34325f86235ab8e45b66,57,B,design
108,b8b10c5c32c46a8f278dc868ef65fd9d,57,C,adjust
5031,38515a2d399231bb4340622c162d7b1a,57,C,kitchen
5847,bac07a9a07d31bd971ed4288f10499d6,57,C,revise a few things
13225,773048bc5ea832a6a6fb93f6da578bc6,57,C,draw the plan
14861,bc3b5c51f98f643be9a99134572a2170,57,C,draw the rest
2007,2b7058890eefa22341aa295a036985a9,57,D,make haste on it
3648,58538dcb3f84e420200c601a4903dbef,57,D,come up with
10191,64e64662aa8b1a57c3e5254b48652bcc,57,D,explain his paln
12659,8e6ad748c0685eaeffbadbae0050306d,57,D,revise
14294,46c4212ded545ed717b0ff376752ae11,57,D,record their desires for the build
15934,9f8736428d68ef86c654e1f0f0b1058e,57,D,finish the design
3038,9a8edf1b84fcdd4e9692881d31a5a26e,58,A,fill in for the big event
4671,559a558cc071b904f807f21b428370da,58,A,make quick changes to the performance routine and choreography
8755,6df37ff0405e34325f86235ab8e45b66,58,A,fill in
546,b8b10c5c32c46a8f278dc868ef65fd9d,58,B,investigate
5460,38515a2d399231bb4340622c162d7b1a,58,B,minute
6278,bac07a9a07d31bd971ed4288f10499d6,58,B,be flexible and call the stand-in
13655,773048bc5ea832a6a6fb93f6da578bc6,58,B,leave the group
15293,bc3b5c51f98f643be9a99134572a2170,58,B,cancel the show
2151,2b7058890eefa22341aa295a036985a9,58,C,perform
3790,58538dcb3f84e420200c601a4903dbef,58,C,substitute for him
10335,64e64662aa8b1a57c3e5254b48652bcc,58,C,replace him
12801,8e6ad748c0685eaeffbadbae0050306d,58,C,substitute
14436,46c4212ded545ed717b0ff376752ae11,58,C,find a substitute
16077,9f8736428d68ef86c654e1f0f0b1058e,58,C,adjust accordingly
1544,2817aa3ba5ce3496c4222adb7a6aa37c,58,D,find a replacement
7273,83d8403f227baca0464166c404dc0dc2,58,D,call a back up
12199,14399e53229004f2c85ec3810d5cf776,58,D,go to the hospital
166,b8b10c5c32c46a8f278dc868ef65fd9d,59,A,practiced
5086,38515a2d399231bb4340622c162d7b1a,59,A,stadium
5903,bac07a9a07d31bd971ed4288f10499d6,59,A,get ready%0aget ready
13281,773048bc5ea832a6a6fb93f6da578bc6,59,A,before the match
14916,bc3b5c51f98f643be9a99134572a2170,59,A,play hard
2442,2b7058890eefa22341aa295a036985a9,59,B,train
4077,58538dcb3f84e420200c601a4903dbef,59,B,get prepared
10621,64e64662aa8b1a57c3e5254b48652bcc,59,B,follow the instructions
13087,8e6ad748c0685eaeffbadbae0050306d,59,B,train
14722,46c4212ded545ed717b0ff376752ae11,59,B,participate in the game
16364,9f8736428d68ef86c654e1f0f0b1058e,59,B,prepare
926,2817aa3ba5ce3496c4222adb7a6aa37c,59,C,check his calendar. 
6655,83d8403f227baca0464166c404dc0dc2,59,C,work out
11579,14399e53229004f2c85ec3810d5cf776,59,C,come and join the rest
3018,9a8edf1b84fcdd4e9692881d31a5a26e,59,D,prepare for their events
4651,559a558cc071b904f807f21b428370da,59,D,make note of their role/assignments on the calendar
8735,6df37ff0405e34325f86235ab8e45b66,59,D,train
2089,2b7058890eefa22341aa295a036985a9,60,A,pitch
3730,58538dcb3f84e420200c601a4903dbef,60,A,pitch
10274,64e64662aa8b1a57c3e5254b48652bcc,60,A,increase sales
12741,8e6ad748c0685eaeffbadbae0050306d,60,A,hustle
14376,46c4212ded545ed717b0ff376752ae11,60,A,prepare
16017,9f8736428d68ef86c654e1f0f0b1058e,60,A,rehearse
1429,2817aa3ba5ce3496c4222adb7a6aa37c,60,B,prepare
7158,83d8403f227baca0464166c404dc0dc2,60,B,come up with a pitch
12084,14399e53229004f2c85ec3810d5cf776,60,B,help
2529,9a8edf1b84fcdd4e9692881d31a5a26e,60,C,expand
4164,559a558cc071b904f807f21b428370da,60,C,prepare
8248,6df37ff0405e34325f86235ab8e45b66,60,C,practice
70,b8b10c5c32c46a8f278dc868ef65fd9d,60,D,sell
4993,38515a2d399231bb4340622c162d7b1a,60,D,products
5809,bac07a9a07d31bd971ed4288f10499d6,60,D,be ready
13187,773048bc5ea832a6a6fb93f6da578bc6,60,D,advertise
14822,bc3b5c51f98f643be9a99134572a2170,60,D,check
1644,2817aa3ba5ce3496c4222adb7a6aa37c,61,A,prepare the final work on the book
7373,83d8403f227baca0464166c404dc0dc2,61,A,prepare
12299,14399e53229004f2c85ec3810d5cf776,61,A,prepare
2823,9a8edf1b84fcdd4e9692881d31a5a26e,61,B,make more sales
4458,559a558cc071b904f807f21b428370da,61,B,write
8542,6df37ff0405e34325f86235ab8e45b66,61,B,write
307,b8b10c5c32c46a8f278dc868ef65fd9d,61,C,rewrite
5225,38515a2d399231bb4340622c162d7b1a,61,C,restaurant
6042,bac07a9a07d31bd971ed4288f10499d6,61,C,get back to work
13420,773048bc5ea832a6a6fb93f6da578bc6,61,C,continue
15056,bc3b5c51f98f643be9a99134572a2170,61,C,be proofread
1855,2b7058890eefa22341aa295a036985a9,61,D,edit
3497,58538dcb3f84e420200c601a4903dbef,61,D,be prepared
10035,64e64662aa8b1a57c3e5254b48652bcc,61,D,be prepared 
12508,8e6ad748c0685eaeffbadbae0050306d,61,D,hurry
14142,46c4212ded545ed717b0ff376752ae11,61,D,prepare
15781,9f8736428d68ef86c654e1f0f0b1058e,61,D,finish
2812,9a8edf1b84fcdd4e9692881d31a5a26e,62,A,consider
4447,559a558cc071b904f807f21b428370da,62,A,write letters
8531,6df37ff0405e34325f86235ab8e45b66,62,A,treat
276,b8b10c5c32c46a8f278dc868ef65fd9d,62,B,redo
5194,38515a2d399231bb4340622c162d7b1a,62,B,sicker
6011,bac07a9a07d31bd971ed4288f10499d6,62,B,prepare them
13389,773048bc5ea832a6a6fb93f6da578bc6,62,B,run tests
15025,bc3b5c51f98f643be9a99134572a2170,62,B,take medicine
2109,2b7058890eefa22341aa295a036985a9,62,C,shock him
3750,58538dcb3f84e420200c601a4903dbef,62,C,hurry
10294,64e64662aa8b1a57c3e5254b48652bcc,62,C,hurry
12761,8e6ad748c0685eaeffbadbae0050306d,62,C,consult
14396,46c4212ded545ed717b0ff376752ae11,62,C,help
16037,9f8736428d68ef86c654e1f0f0b1058e,62,C,hurry
1259,2817aa3ba5ce3496c4222adb7a6aa37c,62,D,hurry
6988,83d8403f227baca0464166c404dc0dc2,62,D,look through his medical book
11913,14399e53229004f2c85ec3810d5cf776,62,D,bout the thing
778,b8b10c5c32c46a8f278dc868ef65fd9d,63,A,begin
5689,38515a2d399231bb4340622c162d7b1a,63,A,law
6508,bac07a9a07d31bd971ed4288f10499d6,63,A,go back
13884,773048bc5ea832a6a6fb93f6da578bc6,63,A,translate
15523,bc3b5c51f98f643be9a99134572a2170,63,A,listen
1989,2b7058890eefa22341aa295a036985a9,63,B,sign
3630,58538dcb3f84e420200c601a4903dbef,63,B,come up with ideas
10173,64e64662aa8b1a57c3e5254b48652bcc,63,B,be subservient
12641,8e6ad748c0685eaeffbadbae0050306d,63,B,transcribe
14276,46c4212ded545ed717b0ff376752ae11,63,B,listen
15915,9f8736428d68ef86c654e1f0f0b1058e,63,B,listen
1420,2817aa3ba5ce3496c4222adb7a6aa37c,63,C,translate
7149,83d8403f227baca0464166c404dc0dc2,63,C,get ready
12075,14399e53229004f2c85ec3810d5cf776,63,C,hurry
3278,9a8edf1b84fcdd4e9692881d31a5a26e,63,D,follow the rules
4911,559a558cc071b904f807f21b428370da,63,D,rush back
8996,6df37ff0405e34325f86235ab8e45b66,63,D,pass thd law
2183,2b7058890eefa22341aa295a036985a9,64,A,water them
3822,58538dcb3f84e420200c601a4903dbef,64,A,get his work done
10366,64e64662aa8b1a57c3e5254b48652bcc,64,A,optimize
12832,8e6ad748c0685eaeffbadbae0050306d,64,A,plow
14467,46c4212ded545ed717b0ff376752ae11,64,A,proceed
16108,9f8736428d68ef86c654e1f0f0b1058e,64,A,get as much done as possible
1482,2817aa3ba5ce3496c4222adb7a6aa37c,64,B,clean 
7211,83d8403f227baca0464166c404dc0dc2,64,B,take advantage
12137,14399e53229004f2c85ec3810d5cf776,64,B,plant
3049,9a8edf1b84fcdd4e9692881d31a5a26e,64,C,prepare
4682,559a558cc071b904f807f21b428370da,64,C,prepare
8766,6df37ff0405e34325f86235ab8e45b66,64,C,prepare
640,b8b10c5c32c46a8f278dc868ef65fd9d,64,D,gauge
5553,38515a2d399231bb4340622c162d7b1a,64,D,farmer
6371,bac07a9a07d31bd971ed4288f10499d6,64,D,work
13748,773048bc5ea832a6a6fb93f6da578bc6,64,D,be warm
15386,bc3b5c51f98f643be9a99134572a2170,64,D,go out
1591,2817aa3ba5ce3496c4222adb7a6aa37c,65,A,calm them down
7320,83d8403f227baca0464166c404dc0dc2,65,A,tell everyone to remain calm
12246,14399e53229004f2c85ec3810d5cf776,65,A,help
2666,9a8edf1b84fcdd4e9692881d31a5a26e,65,B,announce
4301,559a558cc071b904f807f21b428370da,65,B,announce
8385,6df37ff0405e34325f86235ab8e45b66,65,B,calm them down
767,b8b10c5c32c46a8f278dc868ef65fd9d,65,C,gain
5678,38515a2d399231bb4340622c162d7b1a,65,C,bathroom
6497,bac07a9a07d31bd971ed4288f10499d6,65,C,finish and go reassure the passengers to stay calm
13873,773048bc5ea832a6a6fb93f6da578bc6,65,C,hurry
15512,bc3b5c51f98f643be9a99134572a2170,65,C,finish
2300,2b7058890eefa22341aa295a036985a9,65,D,calm down
3937,58538dcb3f84e420200c601a4903dbef,65,D,calm down
10481,64e64662aa8b1a57c3e5254b48652bcc,65,D,finish up
12947,8e6ad748c0685eaeffbadbae0050306d,65,D,calm them down
14582,46c4212ded545ed717b0ff376752ae11,65,D,support them
16224,9f8736428d68ef86c654e1f0f0b1058e,65,D,calm them down
2955,9a8edf1b84fcdd4e9692881d31a5a26e,66,A,seat them
4589,559a558cc071b904f807f21b428370da,66,A,keep track
8673,6df37ff0405e34325f86235ab8e45b66,66,A,inform
347,b8b10c5c32c46a8f278dc868ef65fd9d,66,B,wait
5265,38515a2d399231bb4340622c162d7b1a,66,B,wait
6082,bac07a9a07d31bd971ed4288f10499d6,66,B,do their best to assure the waiting customers that the wait won't be long
13460,773048bc5ea832a6a6fb93f6da578bc6,66,B,make reservations
15096,bc3b5c51f98f643be9a99134572a2170,66,B,relax
2236,2b7058890eefa22341aa295a036985a9,66,C,attend
3875,58538dcb3f84e420200c601a4903dbef,66,C,greet
10419,64e64662aa8b1a57c3e5254b48652bcc,66,C,attend
12885,8e6ad748c0685eaeffbadbae0050306d,66,C,stall
14520,46c4212ded545ed717b0ff376752ae11,66,C,offer
16161,9f8736428d68ef86c654e1f0f0b1058e,66,C,seat them
1270,2817aa3ba5ce3496c4222adb7a6aa37c,66,D,check
6999,83d8403f227baca0464166c404dc0dc2,66,D,be polite
11924,14399e53229004f2c85ec3810d5cf776,66,D,wait
131,b8b10c5c32c46a8f278dc868ef65fd9d,67,A,pose
5053,38515a2d399231bb4340622c162d7b1a,67,A,show
5869,bac07a9a07d31bd971ed4288f10499d6,67,A,be careful
13248,773048bc5ea832a6a6fb93f6da578bc6,67,A,stage
14883,bc3b5c51f98f643be9a99134572a2170,67,A,walk
1938,2b7058890eefa22341aa295a036985a9,67,B,settle down
3579,58538dcb3f84e420200c601a4903dbef,67,B,prepare
10119,64e64662aa8b1a57c3e5254b48652bcc,67,B,watch
12590,8e6ad748c0685eaeffbadbae0050306d,67,B,proceed
14224,46c4212ded545ed717b0ff376752ae11,67,B,proceed
15863,9f8736428d68ef86c654e1f0f0b1058e,67,B,cheer
1153,2817aa3ba5ce3496c4222adb7a6aa37c,67,C,rush
6882,83d8403f227baca0464166c404dc0dc2,67,C,put on makeup
11806,14399e53229004f2c85ec3810d5cf776,67,C,rush
3174,9a8edf1b84fcdd4e9692881d31a5a26e,67,D,wait
4807,559a558cc071b904f807f21b428370da,67,D,rush
8892,6df37ff0405e34325f86235ab8e45b66,67,D,walk
2205,2b7058890eefa22341aa295a036985a9,68,A,report
3844,58538dcb3f84e420200c601a4903dbef,68,A,write 
10388,64e64662aa8b1a57c3e5254b48652bcc,68,A,do research
12854,8e6ad748c0685eaeffbadbae0050306d,68,A,publish
14489,46c4212ded545ed717b0ff376752ae11,68,A,interview
16130,9f8736428d68ef86c654e1f0f0b1058e,68,A,write 
1633,2817aa3ba5ce3496c4222adb7a6aa37c,68,B,record
7362,83d8403f227baca0464166c404dc0dc2,68,B,ask
12288,14399e53229004f2c85ec3810d5cf776,68,B,send it
2735,9a8edf1b84fcdd4e9692881d31a5a26e,68,C,talk
4370,559a558cc071b904f807f21b428370da,68,C,resist the urge to panic and fear for how the election will go
8454,6df37ff0405e34325f86235ab8e45b66,68,C,interview
606,b8b10c5c32c46a8f278dc868ef65fd9d,68,D,hurry
5520,38515a2d399231bb4340622c162d7b1a,68,D,politicians
6338,bac07a9a07d31bd971ed4288f10499d6,68,D,see what comments people have 
13715,773048bc5ea832a6a6fb93f6da578bc6,68,D,campaign 
15353,bc3b5c51f98f643be9a99134572a2170,68,D,write 
1345,2817aa3ba5ce3496c4222adb7a6aa37c,69,A,prepare
7074,83d8403f227baca0464166c404dc0dc2,69,A,clean
12000,14399e53229004f2c85ec3810d5cf776,69,A,prepare
2573,9a8edf1b84fcdd4e9692881d31a5a26e,69,B,manage
4208,559a558cc071b904f807f21b428370da,69,B,double-check
8292,6df37ff0405e34325f86235ab8e45b66,69,B,hurry
429,b8b10c5c32c46a8f278dc868ef65fd9d,69,C,work
5345,38515a2d399231bb4340622c162d7b1a,69,C,boat
6163,bac07a9a07d31bd971ed4288f10499d6,69,C,get to the event
13540,773048bc5ea832a6a6fb93f6da578bc6,69,C,take off
15177,bc3b5c51f98f643be9a99134572a2170,69,C,take off
2321,2b7058890eefa22341aa295a036985a9,69,D,complete
3957,58538dcb3f84e420200c601a4903dbef,69,D,prepare
10501,64e64662aa8b1a57c3e5254b48652bcc,69,D,be careful
12967,8e6ad748c0685eaeffbadbae0050306d,69,D,prepare
14602,46c4212ded545ed717b0ff376752ae11,69,D,proceed
16244,9f8736428d68ef86c654e1f0f0b1058e,69,D,plan
2480,9a8edf1b84fcdd4e9692881d31a5a26e,70,A,be european
4115,559a558cc071b904f807f21b428370da,70,A,be ready
8199,6df37ff0405e34325f86235ab8e45b66,70,A,translate
377,b8b10c5c32c46a8f278dc868ef65fd9d,70,B,inform
5294,38515a2d399231bb4340622c162d7b1a,70,B,talk
6111,bac07a9a07d31bd971ed4288f10499d6,70,B,translate
13489,773048bc5ea832a6a6fb93f6da578bc6,70,B,interpret
15126,bc3b5c51f98f643be9a99134572a2170,70,B,speak european
2431,2b7058890eefa22341aa295a036985a9,70,C,interpret
4066,58538dcb3f84e420200c601a4903dbef,70,C,translate
10610,64e64662aa8b1a57c3e5254b48652bcc,70,C,leave
13076,8e6ad748c0685eaeffbadbae0050306d,70,C,translate
14711,46c4212ded545ed717b0ff376752ae11,70,C,translate
16353,9f8736428d68ef86c654e1f0f0b1058e,70,C,translate
1100,2817aa3ba5ce3496c4222adb7a6aa37c,70,D,get ready
6829,83d8403f227baca0464166c404dc0dc2,70,D,stay focused
11753,14399e53229004f2c85ec3810d5cf776,70,D,bout the program about to be held
503,b8b10c5c32c46a8f278dc868ef65fd9d,71,A,placemat
5418,38515a2d399231bb4340622c162d7b1a,71,A,electrician
6236,bac07a9a07d31bd971ed4288f10499d6,71,A,let the workers know what needs to be done first
13613,773048bc5ea832a6a6fb93f6da578bc6,71,A,connect
15251,bc3b5c51f98f643be9a99134572a2170,71,A,use
2162,2b7058890eefa22341aa295a036985a9,71,B,read
3801,58538dcb3f84e420200c601a4903dbef,71,B,clean
10346,64e64662aa8b1a57c3e5254b48652bcc,71,B,start
12812,8e6ad748c0685eaeffbadbae0050306d,71,B,oversee
14447,46c4212ded545ed717b0ff376752ae11,71,B,implement them
16088,9f8736428d68ef86c654e1f0f0b1058e,71,B,prepare
1451,2817aa3ba5ce3496c4222adb7a6aa37c,71,C,look for
7180,83d8403f227baca0464166c404dc0dc2,71,C,get them
12106,14399e53229004f2c85ec3810d5cf776,71,C,go
2864,9a8edf1b84fcdd4e9692881d31a5a26e,71,D,finish
4498,559a558cc071b904f807f21b428370da,71,D,prepare
8582,6df37ff0405e34325f86235ab8e45b66,71,D,get them
1866,2b7058890eefa22341aa295a036985a9,72,A,respond
3508,58538dcb3f84e420200c601a4903dbef,72,A,ask questions
10046,64e64662aa8b1a57c3e5254b48652bcc,72,A,calm her down
12519,8e6ad748c0685eaeffbadbae0050306d,72,A,withhold
14153,46c4212ded545ed717b0ff376752ae11,72,A,ask questions
15792,9f8736428d68ef86c654e1f0f0b1058e,72,A,explain
1303,2817aa3ba5ce3496c4222adb7a6aa37c,72,B,examine it
7032,83d8403f227baca0464166c404dc0dc2,72,B,gather 
11958,14399e53229004f2c85ec3810d5cf776,72,B,interview
2768,9a8edf1b84fcdd4e9692881d31a5a26e,72,C,talk
4403,559a558cc071b904f807f21b428370da,72,C,resist the urge to tell her sensitive information about the case in an inappropriate location for that conversation
8487,6df37ff0405e34325f86235ab8e45b66,72,C,interview
798,b8b10c5c32c46a8f278dc868ef65fd9d,72,D,wash
5709,38515a2d399231bb4340622c162d7b1a,72,D,wife
6528,bac07a9a07d31bd971ed4288f10499d6,72,D,tell
13904,773048bc5ea832a6a6fb93f6da578bc6,72,D,report
15543,bc3b5c51f98f643be9a99134572a2170,72,D,ask questions
1356,2817aa3ba5ce3496c4222adb7a6aa37c,73,A,look at possible investments. 
7085,83d8403f227baca0464166c404dc0dc2,73,A,invest
12011,14399e53229004f2c85ec3810d5cf776,73,A,do well
2844,9a8edf1b84fcdd4e9692881d31a5a26e,73,B,consider
4478,559a558cc071b904f807f21b428370da,73,B,evaluate
8562,6df37ff0405e34325f86235ab8e45b66,73,B,invest
254,b8b10c5c32c46a8f278dc868ef65fd9d,73,C,explain
5172,38515a2d399231bb4340622c162d7b1a,73,C,room
5989,bac07a9a07d31bd971ed4288f10499d6,73,C,stay alert
13367,773048bc5ea832a6a6fb93f6da578bc6,73,C,take advantage
15003,bc3b5c51f98f643be9a99134572a2170,73,C,take risks
2130,2b7058890eefa22341aa295a036985a9,73,D,take risks
3770,58538dcb3f84e420200c601a4903dbef,73,D,think about it before he does it
10314,64e64662aa8b1a57c3e5254b48652bcc,73,D,take risks
12781,8e6ad748c0685eaeffbadbae0050306d,73,D,invest
14416,46c4212ded545ed717b0ff376752ae11,73,D,evaluate
16057,9f8736428d68ef86c654e1f0f0b1058e,73,D,advise
3227,9a8edf1b84fcdd4e9692881d31a5a26e,74,A,prepare
4860,559a558cc071b904f807f21b428370da,74,A,take a moment
8945,6df37ff0405e34325f86235ab8e45b66,74,A,work
650,b8b10c5c32c46a8f278dc868ef65fd9d,74,B,fish
5562,38515a2d399231bb4340622c162d7b1a,74,B,must
6380,bac07a9a07d31bd971ed4288f10499d6,74,B,prepare
13757,773048bc5ea832a6a6fb93f6da578bc6,74,B,prepare
15395,bc3b5c51f98f643be9a99134572a2170,74,B,prepare
1906,2b7058890eefa22341aa295a036985a9,74,C,complete
3548,58538dcb3f84e420200c601a4903dbef,74,C,get up and prepare
10088,64e64662aa8b1a57c3e5254b48652bcc,74,C,get new art
12559,8e6ad748c0685eaeffbadbae0050306d,74,C,imagine
14193,46c4212ded545ed717b0ff376752ae11,74,C,prepare
15832,9f8736428d68ef86c654e1f0f0b1058e,74,C,paint
848,2817aa3ba5ce3496c4222adb7a6aa37c,74,D,prepare
6577,83d8403f227baca0464166c404dc0dc2,74,D,plan
11501,14399e53229004f2c85ec3810d5cf776,74,D,be successful
61,b8b10c5c32c46a8f278dc868ef65fd9d,75,A,investigate
4984,38515a2d399231bb4340622c162d7b1a,75,A,telescope
5800,bac07a9a07d31bd971ed4288f10499d6,75,A,see
13178,773048bc5ea832a6a6fb93f6da578bc6,75,A,see
14813,bc3b5c51f98f643be9a99134572a2170,75,A,check
2258,2b7058890eefa22341aa295a036985a9,75,B,evaluate
3897,58538dcb3f84e420200c601a4903dbef,75,B,look
10441,64e64662aa8b1a57c3e5254b48652bcc,75,B,organize
12907,8e6ad748c0685eaeffbadbae0050306d,75,B,observe
14542,46c4212ded545ed717b0ff376752ae11,75,B,record
16183,9f8736428d68ef86c654e1f0f0b1058e,75,B,work
1197,2817aa3ba5ce3496c4222adb7a6aa37c,75,C,look
6926,83d8403f227baca0464166c404dc0dc2,75,C,relax
11850,14399e53229004f2c85ec3810d5cf776,75,C,relax
3089,9a8edf1b84fcdd4e9692881d31a5a26e,75,D,balance
4722,559a558cc071b904f807f21b428370da,75,D,"know that they cannot peer into the sky much at this time, to avoid staring into the sun and damaging their eyes"
8806,6df37ff0405e34325f86235ab8e45b66,75,D,head to work
2098,2b7058890eefa22341aa295a036985a9,76,A,provide intel
3739,58538dcb3f84e420200c601a4903dbef,76,A,brainstorm
10283,64e64662aa8b1a57c3e5254b48652bcc,76,A,provide guidance
12750,8e6ad748c0685eaeffbadbae0050306d,76,A,analyze
14385,46c4212ded545ed717b0ff376752ae11,76,A,brainstorm
16026,9f8736428d68ef86c654e1f0f0b1058e,76,A,assist
915,2817aa3ba5ce3496c4222adb7a6aa37c,76,B,prepare
6644,83d8403f227baca0464166c404dc0dc2,76,B,prepare 
11568,14399e53229004f2c85ec3810d5cf776,76,B,efficient
3078,9a8edf1b84fcdd4e9692881d31a5a26e,76,C,prepare 
4711,559a558cc071b904f807f21b428370da,76,C,research
8795,6df37ff0405e34325f86235ab8e45b66,76,C,assist
577,b8b10c5c32c46a8f278dc868ef65fd9d,76,D,provide guidance
5491,38515a2d399231bb4340622c162d7b1a,76,D,company
6309,bac07a9a07d31bd971ed4288f10499d6,76,D,make a plan
13686,773048bc5ea832a6a6fb93f6da578bc6,76,D,make enquires
15324,bc3b5c51f98f643be9a99134572a2170,76,D,ask
955,2817aa3ba5ce3496c4222adb7a6aa37c,77,A,prepare
6684,83d8403f227baca0464166c404dc0dc2,77,A,cast his lines
11608,14399e53229004f2c85ec3810d5cf776,77,A,prepare
2913,9a8edf1b84fcdd4e9692881d31a5a26e,77,B,consider
4547,559a558cc071b904f807f21b428370da,77,B,stay out
8631,6df37ff0405e34325f86235ab8e45b66,77,B,sail
618,b8b10c5c32c46a8f278dc868ef65fd9d,77,C,prepare
5531,38515a2d399231bb4340622c162d7b1a,77,C,fisherman
6349,bac07a9a07d31bd971ed4288f10499d6,77,C,catch fish
13726,773048bc5ea832a6a6fb93f6da578bc6,77,C,be careful 
15364,bc3b5c51f98f643be9a99134572a2170,77,C,fish
2290,2b7058890eefa22341aa295a036985a9,77,D,fish
3928,58538dcb3f84e420200c601a4903dbef,77,D,cast 
10472,64e64662aa8b1a57c3e5254b48652bcc,77,D,fish
12938,8e6ad748c0685eaeffbadbae0050306d,77,D,continue
14573,46c4212ded545ed717b0ff376752ae11,77,D,prepare
16215,9f8736428d68ef86c654e1f0f0b1058e,77,D,cast
3258,9a8edf1b84fcdd4e9692881d31a5a26e,78,A,cut it
4891,559a558cc071b904f807f21b428370da,78,A,cut it
8976,6df37ff0405e34325f86235ab8e45b66,78,A,cut it
18,b8b10c5c32c46a8f278dc868ef65fd9d,78,B,cut it
4942,38515a2d399231bb4340622c162d7b1a,78,B,long
5758,bac07a9a07d31bd971ed4288f10499d6,78,B,cut it
13136,773048bc5ea832a6a6fb93f6da578bc6,78,B,cut it
14771,bc3b5c51f98f643be9a99134572a2170,78,B,cut it
2343,2b7058890eefa22341aa295a036985a9,78,C,cut it
3979,58538dcb3f84e420200c601a4903dbef,78,C,cut it
10523,64e64662aa8b1a57c3e5254b48652bcc,78,C,cut it
12989,8e6ad748c0685eaeffbadbae0050306d,78,C,shear
14624,46c4212ded545ed717b0ff376752ae11,78,C,ask
16266,9f8736428d68ef86c654e1f0f0b1058e,78,C,cut it
1164,2817aa3ba5ce3496c4222adb7a6aa37c,78,D,think
6893,83d8403f227baca0464166c404dc0dc2,78,D,get ready
11817,14399e53229004f2c85ec3810d5cf776,78,D,wait
787,b8b10c5c32c46a8f278dc868ef65fd9d,79,A,distribute
5698,38515a2d399231bb4340622c162d7b1a,79,A,lab
6517,bac07a9a07d31bd971ed4288f10499d6,79,A,prepare them
13893,773048bc5ea832a6a6fb93f6da578bc6,79,A,give them out
15532,bc3b5c51f98f643be9a99134572a2170,79,A,write it out
2410,2b7058890eefa22341aa295a036985a9,79,B,compy
4046,58538dcb3f84e420200c601a4903dbef,79,B,wait
10590,64e64662aa8b1a57c3e5254b48652bcc,79,B,be careful
13056,8e6ad748c0685eaeffbadbae0050306d,79,B,deliver
14691,46c4212ded545ed717b0ff376752ae11,79,B,support 
16333,9f8736428d68ef86c654e1f0f0b1058e,79,B,instruct
906,2817aa3ba5ce3496c4222adb7a6aa37c,79,C,finish
6635,83d8403f227baca0464166c404dc0dc2,79,C,fill
11559,14399e53229004f2c85ec3810d5cf776,79,C,check
2704,9a8edf1b84fcdd4e9692881d31a5a26e,79,D,follow
4339,559a558cc071b904f807f21b428370da,79,D,hurry
8423,6df37ff0405e34325f86235ab8e45b66,79,D,dispense
2172,2b7058890eefa22341aa295a036985a9,80,A,revitalize him
3811,58538dcb3f84e420200c601a4903dbef,80,A,do what they can
10355,64e64662aa8b1a57c3e5254b48652bcc,80,A,treat them
12821,8e6ad748c0685eaeffbadbae0050306d,80,A,triage
14456,46c4212ded545ed717b0ff376752ae11,80,A,treat them
16097,9f8736428d68ef86c654e1f0f0b1058e,80,A,transport them
1046,2817aa3ba5ce3496c4222adb7a6aa37c,80,B,help
6775,83d8403f227baca0464166c404dc0dc2,80,B,act
11699,14399e53229004f2c85ec3810d5cf776,80,B,in a dangerous situation
3267,9a8edf1b84fcdd4e9692881d31a5a26e,80,C,transport them
4900,559a558cc071b904f807f21b428370da,80,C,hurry
8985,6df37ff0405e34325f86235ab8e45b66,80,C,save them
438,b8b10c5c32c46a8f278dc868ef65fd9d,80,D,save then
5354,38515a2d399231bb4340622c162d7b1a,80,D,accident
6172,bac07a9a07d31bd971ed4288f10499d6,80,D,damage
13549,773048bc5ea832a6a6fb93f6da578bc6,80,D,be rushed
15186,bc3b5c51f98f643be9a99134572a2170,80,D,treat them
